Dispatch_ID,Kernel_Name,GPU_ID
0,"void at::native::(anonymous namespace)::distribution_elementwise_grid_stride_kernel<float, 4, at::native::templates::cuda::normal_and_transform<c10::Half, float, at::CUDAGeneratorImpl*, at::native::templates::cuda::normal_kernel<at::CUDAGeneratorImpl*>(at::TensorBase const&, double, double, at::CUDAGeneratorImpl*)::{lambda()#1}::operator()() const::{lambda()#3}::operator()() const::{lambda(float)#1}>(at::TensorIteratorBase&, at::CUDAGeneratorImpl*, at::native::templates::cuda::normal_kernel<at::CUDAGeneratorImpl*>(at::TensorBase const&, double, double, at::CUDAGeneratorImpl*)::{lambda()#1}::operator()() const::{lambda()#3}::operator()() const::{lambda(float)#1})::{lambda(hiprandStatePhilox4_32_10*)#2}, at::native::(anonymous namespace)::distribution_nullary_kernel<c10::Half, float, HIP_vector_type<float, 4u>, at::CUDAGeneratorImpl*, at::native::templates::cuda::normal_and_transform<c10::Half, float, at::CUDAGeneratorImpl*, at::native::templates::cuda::normal_kernel<at::CUDAGeneratorImpl*>(at::TensorBase const&, double, double, at::CUDAGeneratorImpl*)::{lambda()#1}::operator()() const::{lambda()#3}::operator()() const::{lambda(float)#1}>(at::TensorIteratorBase&, at::CUDAGeneratorImpl*, at::native::templates::cuda::normal_kernel<at::CUDAGeneratorImpl*>(at::TensorBase const&, double, double, at::CUDAGeneratorImpl*)::{lambda()#1}::operator()() const::{lambda()#3}::operator()() const::{lambda(float)#1})::{lambda(hiprandStatePhilox4_32_10*)#2}, at::native::templates::cuda::normal_kernel<at::CUDAGeneratorImpl*>(at::TensorBase const&, double, double, at::CUDAGeneratorImpl*)::{lambda()#1}::operator()() const::{lambda()#3}::operator()() const::{lambda(float)#1}>(at::TensorIteratorBase&, at::CUDAGeneratorImpl*, at::native::templates::cuda::normal_and_transform<c10::Half, float, at::CUDAGeneratorImpl*, at::native::templates::cuda::normal_kernel<at::CUDAGeneratorImpl*>(at::TensorBase const&, double, double, at::CUDAGeneratorImpl*)::{lambda()#1}::operator()() const::{lambda()#3}::operator()() const::{lambda(float)#1}>(at::TensorIteratorBase&, at::CUDAGeneratorImpl*, at::native::templates::cuda::normal_kernel<at::CUDAGeneratorImpl*>(at::TensorBase const&, double, double, at::CUDAGeneratorImpl*)::{lambda()#1}::operator()() const::{lambda()#3}::operator()() const::{lambda(float)#1})::{lambda(hiprandStatePhilox4_32_10*)#2} const&, at::native::templates::cuda::normal_kernel<at::CUDAGeneratorImpl*>(at::TensorBase const&, double, double, at::CUDAGeneratorImpl*)::{lambda()#1}::operator()() const::{lambda()#3}::operator()() const::{lambda(float)#1})::{lambda(int, float)#1}>(long, at::PhiloxCudaState, at::native::templates::cuda::normal_and_transform<c10::Half, float, at::CUDAGeneratorImpl*, at::native::templates::cuda::normal_kernel<at::CUDAGeneratorImpl*>(at::TensorBase const&, double, double, at::CUDAGeneratorImpl*)::{lambda()#1}::operator()() const::{lambda()#3}::operator()() const::{lambda(float)#1}>(at::TensorIteratorBase&, at::CUDAGeneratorImpl*, at::native::templates::cuda::normal_kernel<at::CUDAGeneratorImpl*>(at::TensorBase const&, double, double, at::CUDAGeneratorImpl*)::{lambda()#1}::operator()() const::{lambda()#3}::operator()() const::{lambda(float)#1})::{lambda(hiprandStatePhilox4_32_10*)#2}, at::native::(anonymous namespace)::distribution_nullary_kernel<c10::Half, float, HIP_vector_type<float, 4u>, at::CUDAGeneratorImpl*, at::native::templates::cuda::normal_and_transform<c10::Half, float, at::CUDAGeneratorImpl*, at::native::templates::cuda::normal_kernel<at::CUDAGeneratorImpl*>(at::TensorBase const&, double, double, at::CUDAGeneratorImpl*)::{lambda()#1}::operator()() const::{lambda()#3}::operator()() const::{lambda(float)#1}>(at::TensorIteratorBase&, at::CUDAGeneratorImpl*, at::native::templates::cuda::normal_kernel<at::CUDAGeneratorImpl*>(at::TensorBase const&, double, double, at::CUDAGeneratorImpl*)::{lambda()#1}::operator()() const::{lambda()#3}::operator()() const::{lambda(float)#1})::{lambda(hiprandStatePhilox4_32_10*)#2}, at::native::templates::cuda::normal_kernel<at::CUDAGeneratorImpl*>(at::TensorBase const&, double, double, at::CUDAGeneratorImpl*)::{lambda()#1}::operator()() const::{lambda()#3}::operator()() const::{lambda(float)#1}>(at::TensorIteratorBase&, at::CUDAGeneratorImpl*, at::native::templates::cuda::normal_and_transform<c10::Half, float, at::CUDAGeneratorImpl*, at::native::templates::cuda::normal_kernel<at::CUDAGeneratorImpl*>(at::TensorBase const&, double, double, at::CUDAGeneratorImpl*)::{lambda()#1}::operator()() const::{lambda()#3}::operator()() const::{lambda(float)#1}>(at::TensorIteratorBase&, at::CUDAGeneratorImpl*, at::native::templates::cuda::normal_kernel<at::CUDAGeneratorImpl*>(at::TensorBase const&, double, double, at::CUDAGeneratorImpl*)::{lambda()#1}::operator()() const::{lambda()#3}::operator()() const::{lambda(float)#1})::{lambda(hiprandStatePhilox4_32_10*)#2} const&, at::native::templates::cuda::normal_kernel<at::CUDAGeneratorImpl*>(at::TensorBase const&, double, double, at::CUDAGeneratorImpl*)::{lambda()#1}::operator()() const::{lambda()#3}::operator()() const::{lambda(float)#1})::{lambda(int, float)#1})",0
1,"void at::native::(anonymous namespace)::distribution_elementwise_grid_stride_kernel<float, 4, at::native::templates::cuda::normal_and_transform<c10::Half, float, at::CUDAGeneratorImpl*, at::native::templates::cuda::normal_kernel<at::CUDAGeneratorImpl*>(at::TensorBase const&, double, double, at::CUDAGeneratorImpl*)::{lambda()#1}::operator()() const::{lambda()#3}::operator()() const::{lambda(float)#1}>(at::TensorIteratorBase&, at::CUDAGeneratorImpl*, at::native::templates::cuda::normal_kernel<at::CUDAGeneratorImpl*>(at::TensorBase const&, double, double, at::CUDAGeneratorImpl*)::{lambda()#1}::operator()() const::{lambda()#3}::operator()() const::{lambda(float)#1})::{lambda(hiprandStatePhilox4_32_10*)#2}, at::native::(anonymous namespace)::distribution_nullary_kernel<c10::Half, float, HIP_vector_type<float, 4u>, at::CUDAGeneratorImpl*, at::native::templates::cuda::normal_and_transform<c10::Half, float, at::CUDAGeneratorImpl*, at::native::templates::cuda::normal_kernel<at::CUDAGeneratorImpl*>(at::TensorBase const&, double, double, at::CUDAGeneratorImpl*)::{lambda()#1}::operator()() const::{lambda()#3}::operator()() const::{lambda(float)#1}>(at::TensorIteratorBase&, at::CUDAGeneratorImpl*, at::native::templates::cuda::normal_kernel<at::CUDAGeneratorImpl*>(at::TensorBase const&, double, double, at::CUDAGeneratorImpl*)::{lambda()#1}::operator()() const::{lambda()#3}::operator()() const::{lambda(float)#1})::{lambda(hiprandStatePhilox4_32_10*)#2}, at::native::templates::cuda::normal_kernel<at::CUDAGeneratorImpl*>(at::TensorBase const&, double, double, at::CUDAGeneratorImpl*)::{lambda()#1}::operator()() const::{lambda()#3}::operator()() const::{lambda(float)#1}>(at::TensorIteratorBase&, at::CUDAGeneratorImpl*, at::native::templates::cuda::normal_and_transform<c10::Half, float, at::CUDAGeneratorImpl*, at::native::templates::cuda::normal_kernel<at::CUDAGeneratorImpl*>(at::TensorBase const&, double, double, at::CUDAGeneratorImpl*)::{lambda()#1}::operator()() const::{lambda()#3}::operator()() const::{lambda(float)#1}>(at::TensorIteratorBase&, at::CUDAGeneratorImpl*, at::native::templates::cuda::normal_kernel<at::CUDAGeneratorImpl*>(at::TensorBase const&, double, double, at::CUDAGeneratorImpl*)::{lambda()#1}::operator()() const::{lambda()#3}::operator()() const::{lambda(float)#1})::{lambda(hiprandStatePhilox4_32_10*)#2} const&, at::native::templates::cuda::normal_kernel<at::CUDAGeneratorImpl*>(at::TensorBase const&, double, double, at::CUDAGeneratorImpl*)::{lambda()#1}::operator()() const::{lambda()#3}::operator()() const::{lambda(float)#1})::{lambda(int, float)#1}>(long, at::PhiloxCudaState, at::native::templates::cuda::normal_and_transform<c10::Half, float, at::CUDAGeneratorImpl*, at::native::templates::cuda::normal_kernel<at::CUDAGeneratorImpl*>(at::TensorBase const&, double, double, at::CUDAGeneratorImpl*)::{lambda()#1}::operator()() const::{lambda()#3}::operator()() const::{lambda(float)#1}>(at::TensorIteratorBase&, at::CUDAGeneratorImpl*, at::native::templates::cuda::normal_kernel<at::CUDAGeneratorImpl*>(at::TensorBase const&, double, double, at::CUDAGeneratorImpl*)::{lambda()#1}::operator()() const::{lambda()#3}::operator()() const::{lambda(float)#1})::{lambda(hiprandStatePhilox4_32_10*)#2}, at::native::(anonymous namespace)::distribution_nullary_kernel<c10::Half, float, HIP_vector_type<float, 4u>, at::CUDAGeneratorImpl*, at::native::templates::cuda::normal_and_transform<c10::Half, float, at::CUDAGeneratorImpl*, at::native::templates::cuda::normal_kernel<at::CUDAGeneratorImpl*>(at::TensorBase const&, double, double, at::CUDAGeneratorImpl*)::{lambda()#1}::operator()() const::{lambda()#3}::operator()() const::{lambda(float)#1}>(at::TensorIteratorBase&, at::CUDAGeneratorImpl*, at::native::templates::cuda::normal_kernel<at::CUDAGeneratorImpl*>(at::TensorBase const&, double, double, at::CUDAGeneratorImpl*)::{lambda()#1}::operator()() const::{lambda()#3}::operator()() const::{lambda(float)#1})::{lambda(hiprandStatePhilox4_32_10*)#2}, at::native::templates::cuda::normal_kernel<at::CUDAGeneratorImpl*>(at::TensorBase const&, double, double, at::CUDAGeneratorImpl*)::{lambda()#1}::operator()() const::{lambda()#3}::operator()() const::{lambda(float)#1}>(at::TensorIteratorBase&, at::CUDAGeneratorImpl*, at::native::templates::cuda::normal_and_transform<c10::Half, float, at::CUDAGeneratorImpl*, at::native::templates::cuda::normal_kernel<at::CUDAGeneratorImpl*>(at::TensorBase const&, double, double, at::CUDAGeneratorImpl*)::{lambda()#1}::operator()() const::{lambda()#3}::operator()() const::{lambda(float)#1}>(at::TensorIteratorBase&, at::CUDAGeneratorImpl*, at::native::templates::cuda::normal_kernel<at::CUDAGeneratorImpl*>(at::TensorBase const&, double, double, at::CUDAGeneratorImpl*)::{lambda()#1}::operator()() const::{lambda()#3}::operator()() const::{lambda(float)#1})::{lambda(hiprandStatePhilox4_32_10*)#2} const&, at::native::templates::cuda::normal_kernel<at::CUDAGeneratorImpl*>(at::TensorBase const&, double, double, at::CUDAGeneratorImpl*)::{lambda()#1}::operator()() const::{lambda()#3}::operator()() const::{lambda(float)#1})::{lambda(int, float)#1})",0
2,"void at::native::(anonymous namespace)::distribution_elementwise_grid_stride_kernel<float, 4, at::native::templates::cuda::normal_and_transform<c10::Half, float, at::CUDAGeneratorImpl*, at::native::templates::cuda::normal_kernel<at::CUDAGeneratorImpl*>(at::TensorBase const&, double, double, at::CUDAGeneratorImpl*)::{lambda()#1}::operator()() const::{lambda()#3}::operator()() const::{lambda(float)#1}>(at::TensorIteratorBase&, at::CUDAGeneratorImpl*, at::native::templates::cuda::normal_kernel<at::CUDAGeneratorImpl*>(at::TensorBase const&, double, double, at::CUDAGeneratorImpl*)::{lambda()#1}::operator()() const::{lambda()#3}::operator()() const::{lambda(float)#1})::{lambda(hiprandStatePhilox4_32_10*)#2}, at::native::(anonymous namespace)::distribution_nullary_kernel<c10::Half, float, HIP_vector_type<float, 4u>, at::CUDAGeneratorImpl*, at::native::templates::cuda::normal_and_transform<c10::Half, float, at::CUDAGeneratorImpl*, at::native::templates::cuda::normal_kernel<at::CUDAGeneratorImpl*>(at::TensorBase const&, double, double, at::CUDAGeneratorImpl*)::{lambda()#1}::operator()() const::{lambda()#3}::operator()() const::{lambda(float)#1}>(at::TensorIteratorBase&, at::CUDAGeneratorImpl*, at::native::templates::cuda::normal_kernel<at::CUDAGeneratorImpl*>(at::TensorBase const&, double, double, at::CUDAGeneratorImpl*)::{lambda()#1}::operator()() const::{lambda()#3}::operator()() const::{lambda(float)#1})::{lambda(hiprandStatePhilox4_32_10*)#2}, at::native::templates::cuda::normal_kernel<at::CUDAGeneratorImpl*>(at::TensorBase const&, double, double, at::CUDAGeneratorImpl*)::{lambda()#1}::operator()() const::{lambda()#3}::operator()() const::{lambda(float)#1}>(at::TensorIteratorBase&, at::CUDAGeneratorImpl*, at::native::templates::cuda::normal_and_transform<c10::Half, float, at::CUDAGeneratorImpl*, at::native::templates::cuda::normal_kernel<at::CUDAGeneratorImpl*>(at::TensorBase const&, double, double, at::CUDAGeneratorImpl*)::{lambda()#1}::operator()() const::{lambda()#3}::operator()() const::{lambda(float)#1}>(at::TensorIteratorBase&, at::CUDAGeneratorImpl*, at::native::templates::cuda::normal_kernel<at::CUDAGeneratorImpl*>(at::TensorBase const&, double, double, at::CUDAGeneratorImpl*)::{lambda()#1}::operator()() const::{lambda()#3}::operator()() const::{lambda(float)#1})::{lambda(hiprandStatePhilox4_32_10*)#2} const&, at::native::templates::cuda::normal_kernel<at::CUDAGeneratorImpl*>(at::TensorBase const&, double, double, at::CUDAGeneratorImpl*)::{lambda()#1}::operator()() const::{lambda()#3}::operator()() const::{lambda(float)#1})::{lambda(int, float)#1}>(long, at::PhiloxCudaState, at::native::templates::cuda::normal_and_transform<c10::Half, float, at::CUDAGeneratorImpl*, at::native::templates::cuda::normal_kernel<at::CUDAGeneratorImpl*>(at::TensorBase const&, double, double, at::CUDAGeneratorImpl*)::{lambda()#1}::operator()() const::{lambda()#3}::operator()() const::{lambda(float)#1}>(at::TensorIteratorBase&, at::CUDAGeneratorImpl*, at::native::templates::cuda::normal_kernel<at::CUDAGeneratorImpl*>(at::TensorBase const&, double, double, at::CUDAGeneratorImpl*)::{lambda()#1}::operator()() const::{lambda()#3}::operator()() const::{lambda(float)#1})::{lambda(hiprandStatePhilox4_32_10*)#2}, at::native::(anonymous namespace)::distribution_nullary_kernel<c10::Half, float, HIP_vector_type<float, 4u>, at::CUDAGeneratorImpl*, at::native::templates::cuda::normal_and_transform<c10::Half, float, at::CUDAGeneratorImpl*, at::native::templates::cuda::normal_kernel<at::CUDAGeneratorImpl*>(at::TensorBase const&, double, double, at::CUDAGeneratorImpl*)::{lambda()#1}::operator()() const::{lambda()#3}::operator()() const::{lambda(float)#1}>(at::TensorIteratorBase&, at::CUDAGeneratorImpl*, at::native::templates::cuda::normal_kernel<at::CUDAGeneratorImpl*>(at::TensorBase const&, double, double, at::CUDAGeneratorImpl*)::{lambda()#1}::operator()() const::{lambda()#3}::operator()() const::{lambda(float)#1})::{lambda(hiprandStatePhilox4_32_10*)#2}, at::native::templates::cuda::normal_kernel<at::CUDAGeneratorImpl*>(at::TensorBase const&, double, double, at::CUDAGeneratorImpl*)::{lambda()#1}::operator()() const::{lambda()#3}::operator()() const::{lambda(float)#1}>(at::TensorIteratorBase&, at::CUDAGeneratorImpl*, at::native::templates::cuda::normal_and_transform<c10::Half, float, at::CUDAGeneratorImpl*, at::native::templates::cuda::normal_kernel<at::CUDAGeneratorImpl*>(at::TensorBase const&, double, double, at::CUDAGeneratorImpl*)::{lambda()#1}::operator()() const::{lambda()#3}::operator()() const::{lambda(float)#1}>(at::TensorIteratorBase&, at::CUDAGeneratorImpl*, at::native::templates::cuda::normal_kernel<at::CUDAGeneratorImpl*>(at::TensorBase const&, double, double, at::CUDAGeneratorImpl*)::{lambda()#1}::operator()() const::{lambda()#3}::operator()() const::{lambda(float)#1})::{lambda(hiprandStatePhilox4_32_10*)#2} const&, at::native::templates::cuda::normal_kernel<at::CUDAGeneratorImpl*>(at::TensorBase const&, double, double, at::CUDAGeneratorImpl*)::{lambda()#1}::operator()() const::{lambda()#3}::operator()() const::{lambda(float)#1})::{lambda(int, float)#1})",0
3,matmulbias_kernel,0
4,"void at::native::vectorized_elementwise_kernel<4, at::native::FillFunctor<int>, std::array<char*, 1ul> >(int, at::native::FillFunctor<int>, std::array<char*, 1ul>)",0
5,matmulbias_kernel,0
6,"void at::native::vectorized_elementwise_kernel<4, at::native::FillFunctor<int>, std::array<char*, 1ul> >(int, at::native::FillFunctor<int>, std::array<char*, 1ul>)",0
7,matmulbias_kernel,0
8,"void at::native::vectorized_elementwise_kernel<4, at::native::FillFunctor<int>, std::array<char*, 1ul> >(int, at::native::FillFunctor<int>, std::array<char*, 1ul>)",0
9,matmulbias_kernel,0
10,"void at::native::vectorized_elementwise_kernel<4, at::native::FillFunctor<int>, std::array<char*, 1ul> >(int, at::native::FillFunctor<int>, std::array<char*, 1ul>)",0
11,matmulbias_kernel,0
12,"void at::native::vectorized_elementwise_kernel<4, at::native::FillFunctor<int>, std::array<char*, 1ul> >(int, at::native::FillFunctor<int>, std::array<char*, 1ul>)",0
13,matmulbias_kernel,0
14,matmulbias_kernel,0
15,"void at::native::vectorized_elementwise_kernel<4, at::native::FillFunctor<int>, std::array<char*, 1ul> >(int, at::native::FillFunctor<int>, std::array<char*, 1ul>)",0
16,matmulbias_kernel,0
17,matmulbias_kernel,0
18,"void at::native::vectorized_elementwise_kernel<4, at::native::FillFunctor<int>, std::array<char*, 1ul> >(int, at::native::FillFunctor<int>, std::array<char*, 1ul>)",0
19,matmulbias_kernel,0
20,"void at::native::vectorized_elementwise_kernel<4, at::native::FillFunctor<int>, std::array<char*, 1ul> >(int, at::native::FillFunctor<int>, std::array<char*, 1ul>)",0
21,matmulbias_kernel,0
22,"void at::native::vectorized_elementwise_kernel<4, at::native::FillFunctor<int>, std::array<char*, 1ul> >(int, at::native::FillFunctor<int>, std::array<char*, 1ul>)",0
23,matmulbias_kernel,0
24,"void at::native::vectorized_elementwise_kernel<4, at::native::FillFunctor<int>, std::array<char*, 1ul> >(int, at::native::FillFunctor<int>, std::array<char*, 1ul>)",0
25,matmulbias_kernel,0
26,"void at::native::vectorized_elementwise_kernel<4, at::native::FillFunctor<int>, std::array<char*, 1ul> >(int, at::native::FillFunctor<int>, std::array<char*, 1ul>)",0
27,matmulbias_kernel,0
28,matmulbias_kernel,0
29,"void at::native::vectorized_elementwise_kernel<4, at::native::FillFunctor<int>, std::array<char*, 1ul> >(int, at::native::FillFunctor<int>, std::array<char*, 1ul>)",0
30,matmulbias_kernel,0
32,"void at::native::(anonymous namespace)::CatArrayBatchedCopy_contig<at::native::(anonymous namespace)::OpaqueType<2u>, unsigned int, 1, 128, 1>(at::native::(anonymous namespace)::OpaqueType<2u>*, at::native::(anonymous namespace)::CatArrInputTensorMetadata<at::native::(anonymous namespace)::OpaqueType<2u>, unsigned int, 128, 1>, at::native::(anonymous namespace)::TensorSizeStride<unsigned int, 4u>, int, unsigned int)",0
33,"void at::native::(anonymous namespace)::CatArrayBatchedCopy_contig<at::native::(anonymous namespace)::OpaqueType<2u>, unsigned int, 1, 128, 1>(at::native::(anonymous namespace)::OpaqueType<2u>*, at::native::(anonymous namespace)::CatArrInputTensorMetadata<at::native::(anonymous namespace)::OpaqueType<2u>, unsigned int, 128, 1>, at::native::(anonymous namespace)::TensorSizeStride<unsigned int, 4u>, int, unsigned int)",0
34,"void at::native::(anonymous namespace)::CatArrayBatchedCopy_contig<at::native::(anonymous namespace)::OpaqueType<2u>, unsigned int, 1, 128, 1>(at::native::(anonymous namespace)::OpaqueType<2u>*, at::native::(anonymous namespace)::CatArrInputTensorMetadata<at::native::(anonymous namespace)::OpaqueType<2u>, unsigned int, 128, 1>, at::native::(anonymous namespace)::TensorSizeStride<unsigned int, 4u>, int, unsigned int)",0
35,"void at::native::(anonymous namespace)::CatArrayBatchedCopy_contig<at::native::(anonymous namespace)::OpaqueType<2u>, unsigned int, 1, 128, 1>(at::native::(anonymous namespace)::OpaqueType<2u>*, at::native::(anonymous namespace)::CatArrInputTensorMetadata<at::native::(anonymous namespace)::OpaqueType<2u>, unsigned int, 128, 1>, at::native::(anonymous namespace)::TensorSizeStride<unsigned int, 4u>, int, unsigned int)",0
36,"void at::native::(anonymous namespace)::CatArrayBatchedCopy_contig<at::native::(anonymous namespace)::OpaqueType<2u>, unsigned int, 1, 128, 1>(at::native::(anonymous namespace)::OpaqueType<2u>*, at::native::(anonymous namespace)::CatArrInputTensorMetadata<at::native::(anonymous namespace)::OpaqueType<2u>, unsigned int, 128, 1>, at::native::(anonymous namespace)::TensorSizeStride<unsigned int, 4u>, int, unsigned int)",0
37,"void at::native::(anonymous namespace)::CatArrayBatchedCopy_contig<at::native::(anonymous namespace)::OpaqueType<2u>, unsigned int, 1, 128, 1>(at::native::(anonymous namespace)::OpaqueType<2u>*, at::native::(anonymous namespace)::CatArrInputTensorMetadata<at::native::(anonymous namespace)::OpaqueType<2u>, unsigned int, 128, 1>, at::native::(anonymous namespace)::TensorSizeStride<unsigned int, 4u>, int, unsigned int)",0
38,"void at::native::(anonymous namespace)::CatArrayBatchedCopy_contig<at::native::(anonymous namespace)::OpaqueType<2u>, unsigned int, 1, 128, 1>(at::native::(anonymous namespace)::OpaqueType<2u>*, at::native::(anonymous namespace)::CatArrInputTensorMetadata<at::native::(anonymous namespace)::OpaqueType<2u>, unsigned int, 128, 1>, at::native::(anonymous namespace)::TensorSizeStride<unsigned int, 4u>, int, unsigned int)",0
39,"void at::native::vectorized_elementwise_kernel<8, at::native::AbsFunctor<c10::Half>, std::array<char*, 2ul> >(int, at::native::AbsFunctor<c10::Half>, std::array<char*, 2ul>)",0
40,"void at::native::vectorized_elementwise_kernel<8, at::native::AUnaryFunctor<c10::Half, c10::Half, bool, at::native::(anonymous namespace)::CompareEqFunctor<c10::Half> >, std::array<char*, 2ul> >(int, at::native::AUnaryFunctor<c10::Half, c10::Half, bool, at::native::(anonymous namespace)::CompareEqFunctor<c10::Half> >, std::array<char*, 2ul>)",0
41,"void at::native::vectorized_elementwise_kernel<8, at::native::BinaryFunctor<c10::Half, c10::Half, bool, at::native::(anonymous namespace)::CompareEqFunctor<c10::Half> >, std::array<char*, 3ul> >(int, at::native::BinaryFunctor<c10::Half, c10::Half, bool, at::native::(anonymous namespace)::CompareEqFunctor<c10::Half> >, std::array<char*, 3ul>)",0
42,"void at::native::vectorized_elementwise_kernel<16, at::native::BinaryFunctor<bool, bool, bool, at::native::binary_internal::MulFunctor<bool> >, std::array<char*, 3ul> >(int, at::native::BinaryFunctor<bool, bool, bool, at::native::binary_internal::MulFunctor<bool> >, std::array<char*, 3ul>)",0
43,"void at::native::vectorized_elementwise_kernel<8, at::native::AUnaryFunctor<c10::Half, c10::Half, bool, at::native::(anonymous namespace)::CompareEqFunctor<c10::Half> >, std::array<char*, 2ul> >(int, at::native::AUnaryFunctor<c10::Half, c10::Half, bool, at::native::(anonymous namespace)::CompareEqFunctor<c10::Half> >, std::array<char*, 2ul>)",0
44,"void at::native::vectorized_elementwise_kernel<16, at::native::BinaryFunctor<bool, bool, bool, at::native::BitwiseAndFunctor<bool> >, std::array<char*, 3ul> >(int, at::native::BinaryFunctor<bool, bool, bool, at::native::BitwiseAndFunctor<bool> >, std::array<char*, 3ul>)",0
45,"void rocprim::ROCPRIM_400001_NS::detail::block_reduce_kernel<true, false, 16u, rocprim::ROCPRIM_400001_NS::detail::wrapped_reduce_config<rocprim::ROCPRIM_400001_NS::default_config, int>, int, hipcub::HIPCUB_400000_NS::TransformInputIterator<bool, at::native::(anonymous namespace)::NonZeroOp<bool>, bool const*, long>, int*, int, hipcub::HIPCUB_400000_NS::detail::convert_binary_result_type_wrapper<hipcub::HIPCUB_400000_NS::Sum, hipcub::HIPCUB_400000_NS::TransformInputIterator<bool, at::native::(anonymous namespace)::NonZeroOp<bool>, bool const*, long>, int> >(hipcub::HIPCUB_400000_NS::TransformInputIterator<bool, at::native::(anonymous namespace)::NonZeroOp<bool>, bool const*, long>, unsigned long, int*, int, hipcub::HIPCUB_400000_NS::detail::convert_binary_result_type_wrapper<hipcub::HIPCUB_400000_NS::Sum, hipcub::HIPCUB_400000_NS::TransformInputIterator<bool, at::native::(anonymous namespace)::NonZeroOp<bool>, bool const*, long>, int>)",0
46,__amd_rocclr_copyBuffer,0
47,__amd_rocclr_fillBufferAligned,0
48,__amd_rocclr_fillBufferAligned,0
49,"void rocprim::ROCPRIM_400001_NS::detail::init_lookback_scan_state_kernel<rocprim::ROCPRIM_400001_NS::detail::lookback_scan_state<unsigned int, false, true> const>(rocprim::ROCPRIM_400001_NS::detail::lookback_scan_state<unsigned int, false, true> const, unsigned int, unsigned int, rocprim::ROCPRIM_400001_NS::detail::lookback_scan_state<unsigned int, false, true> const::value_type*)",0
50,"void rocprim::ROCPRIM_400001_NS::detail::partition_kernel<(rocprim::ROCPRIM_400001_NS::detail::select_method)0, true, rocprim::ROCPRIM_400001_NS::detail::wrapped_partition_config<rocprim::ROCPRIM_400001_NS::default_config, (rocprim::ROCPRIM_400001_NS::detail::partition_subalgo)5, long, rocprim::ROCPRIM_400001_NS::empty_type>, hipcub::HIPCUB_400000_NS::CountingInputIterator<long, long>, rocprim::ROCPRIM_400001_NS::empty_type*, hipcub::HIPCUB_400000_NS::TransformInputIterator<bool, at::native::(anonymous namespace)::NonZeroOp<bool>, bool const*, long>, rocprim::ROCPRIM_400001_NS::tuple<long*, rocprim::ROCPRIM_400001_NS::empty_type>, rocprim::ROCPRIM_400001_NS::tuple<rocprim::ROCPRIM_400001_NS::empty_type*, rocprim::ROCPRIM_400001_NS::empty_type*>, rocprim::ROCPRIM_400001_NS::empty_type, rocprim::ROCPRIM_400001_NS::detail::lookback_scan_state<unsigned int, false, true>, rocprim::ROCPRIM_400001_NS::detail::block_id_wrapper<unsigned int, false>, rocprim::ROCPRIM_400001_NS::empty_type>(hipcub::HIPCUB_400000_NS::CountingInputIterator<long, long>, rocprim::ROCPRIM_400001_NS::empty_type*, hipcub::HIPCUB_400000_NS::TransformInputIterator<bool, at::native::(anonymous namespace)::NonZeroOp<bool>, bool const*, long>, rocprim::ROCPRIM_400001_NS::tuple<long*, rocprim::ROCPRIM_400001_NS::empty_type>, rocprim::ROCPRIM_400001_NS::tuple<rocprim::ROCPRIM_400001_NS::empty_type*, rocprim::ROCPRIM_400001_NS::empty_type*>, unsigned long*, unsigned long*, unsigned long, unsigned long, rocprim::ROCPRIM_400001_NS::empty_type, rocprim::ROCPRIM_400001_NS::detail::lookback_scan_state<unsigned int, false, true>, unsigned int, rocprim::ROCPRIM_400001_NS::detail::vsmem_t, rocprim::ROCPRIM_400001_NS::detail::block_id_wrapper<unsigned int, false>, rocprim::ROCPRIM_400001_NS::empty_type)",0
51,"void rocprim::ROCPRIM_400001_NS::detail::transform_kernel<true, rocprim::ROCPRIM_400001_NS::detail::wrapped_transform_config<rocprim::ROCPRIM_400001_NS::default_config, unsigned long, true>, unsigned long, unsigned long*, int*, rocprim::ROCPRIM_400001_NS::identity<void> >(unsigned long*, unsigned long, int*, rocprim::ROCPRIM_400001_NS::identity<void>)",0
52,"void at::native::index_elementwise_kernel<128, 4, at::native::gpu_index_kernel<at::native::index_kernel_impl<at::native::OpaqueType<2> >(at::TensorIteratorBase&, c10::ArrayRef<long>, c10::ArrayRef<long>)::{lambda(char*, char const*, long)#1}>(at::TensorIteratorBase&, c10::ArrayRef<long>, c10::ArrayRef<long>, at::native::index_kernel_impl<at::native::OpaqueType<2> >(at::TensorIteratorBase&, c10::ArrayRef<long>, c10::ArrayRef<long>)::{lambda(char*, char const*, long)#1} const&, bool)::{lambda(int)#1}>(long, at::native::gpu_index_kernel<at::native::index_kernel_impl<at::native::OpaqueType<2> >(at::TensorIteratorBase&, c10::ArrayRef<long>, c10::ArrayRef<long>)::{lambda(char*, char const*, long)#1}>(at::TensorIteratorBase&, c10::ArrayRef<long>, c10::ArrayRef<long>, at::native::index_kernel_impl<at::native::OpaqueType<2> >(at::TensorIteratorBase&, c10::ArrayRef<long>, c10::ArrayRef<long>)::{lambda(char*, char const*, long)#1} const&, bool)::{lambda(int)#1})",0
53,"void at::native::vectorized_elementwise_kernel<8, at::native::AbsFunctor<c10::Half>, std::array<char*, 2ul> >(int, at::native::AbsFunctor<c10::Half>, std::array<char*, 2ul>)",0
54,"void at::native::elementwise_kernel_manual_unroll<128, 4, at::native::gpu_kernel_impl<at::native::direct_copy_kernel_cuda(at::TensorIteratorBase&)::{lambda()#3}::operator()() const::{lambda()#6}::operator()() const::{lambda(double)#1}>(at::TensorIteratorBase&, at::native::direct_copy_kernel_cuda(at::TensorIteratorBase&)::{lambda()#3}::operator()() const::{lambda()#6}::operator()() const::{lambda(double)#1} const&)::{lambda(int, bool)#1}>(int, at::native::gpu_kernel_impl<at::native::direct_copy_kernel_cuda(at::TensorIteratorBase&)::{lambda()#3}::operator()() const::{lambda()#6}::operator()() const::{lambda(double)#1}>(at::TensorIteratorBase&, at::native::direct_copy_kernel_cuda(at::TensorIteratorBase&)::{lambda()#3}::operator()() const::{lambda()#6}::operator()() const::{lambda(double)#1} const&)::{lambda(int, bool)#1})",0
55,"void at::native::reduce_kernel<512, 1, at::native::ReduceOp<double, at::native::func_wrapper_t<double, at::native::MinNanFunctor<double> >, unsigned int, double, 4, 4> >(at::native::ReduceOp<double, at::native::func_wrapper_t<double, at::native::MinNanFunctor<double> >, unsigned int, double, 4, 4>)",0
56,"void at::native::reduce_kernel<512, 1, at::native::ReduceOp<double, at::native::func_wrapper_t<double, at::native::MaxNanFunctor<double> >, unsigned int, double, 4, 4> >(at::native::ReduceOp<double, at::native::func_wrapper_t<double, at::native::MaxNanFunctor<double> >, unsigned int, double, 4, 4>)",0
57,"void at::native::vectorized_elementwise_kernel<8, at::native::ceil_kernel_cuda(at::TensorIteratorBase&)::{lambda()#1}::operator()() const::{lambda()#3}::operator()() const::{lambda(c10::Half)#1}, std::array<char*, 2ul> >(int, at::native::ceil_kernel_cuda(at::TensorIteratorBase&)::{lambda()#1}::operator()() const::{lambda()#3}::operator()() const::{lambda(c10::Half)#1}, std::array<char*, 2ul>)",0
58,"void at::native::vectorized_elementwise_kernel<8, at::native::BinaryFunctor<c10::Half, c10::Half, bool, at::native::(anonymous namespace)::CompareEqFunctor<c10::Half> >, std::array<char*, 3ul> >(int, at::native::BinaryFunctor<c10::Half, c10::Half, bool, at::native::(anonymous namespace)::CompareEqFunctor<c10::Half> >, std::array<char*, 3ul>)",0
59,__amd_rocclr_copyBuffer,0
60,"void at::native::vectorized_elementwise_kernel<4, at::native::BinaryFunctor<double, double, double, at::native::binary_internal::DivFunctor<double> >, std::array<char*, 3ul> >(int, at::native::BinaryFunctor<double, double, double, at::native::binary_internal::DivFunctor<double> >, std::array<char*, 3ul>)",0
61,"void at::native::vectorized_elementwise_kernel<4, at::native::compare_scalar_kernel<double>(at::TensorIteratorBase&, at::native::(anonymous namespace)::OpType, double)::{lambda(double)#1}, std::array<char*, 2ul> >(int, at::native::compare_scalar_kernel<double>(at::TensorIteratorBase&, at::native::(anonymous namespace)::OpType, double)::{lambda(double)#1}, std::array<char*, 2ul>)",0
62,__amd_rocclr_copyBuffer,0
63,"void at::native::vectorized_elementwise_kernel<4, at::native::compare_scalar_kernel<double>(at::TensorIteratorBase&, at::native::(anonymous namespace)::OpType, double)::{lambda(double)#1}, std::array<char*, 2ul> >(int, at::native::compare_scalar_kernel<double>(at::TensorIteratorBase&, at::native::(anonymous namespace)::OpType, double)::{lambda(double)#1}, std::array<char*, 2ul>)",0
64,__amd_rocclr_copyBuffer,0
65,"void at::native::vectorized_elementwise_kernel<4, at::native::compare_scalar_kernel<double>(at::TensorIteratorBase&, at::native::(anonymous namespace)::OpType, double)::{lambda(double)#1}, std::array<char*, 2ul> >(int, at::native::compare_scalar_kernel<double>(at::TensorIteratorBase&, at::native::(anonymous namespace)::OpType, double)::{lambda(double)#1}, std::array<char*, 2ul>)",0
66,__amd_rocclr_copyBuffer,0
67,__amd_rocclr_copyBuffer,0
68,__amd_rocclr_copyBuffer,0
69,__amd_rocclr_copyBuffer,0
70,__amd_rocclr_copyBuffer,0
71,__amd_rocclr_copyBuffer,0
72,__amd_rocclr_copyBuffer,0
73,__amd_rocclr_copyBuffer,0
74,__amd_rocclr_copyBuffer,0
75,__amd_rocclr_copyBuffer,0
76,__amd_rocclr_copyBuffer,0
77,__amd_rocclr_copyBuffer,0
78,__amd_rocclr_copyBuffer,0
79,__amd_rocclr_copyBuffer,0
80,__amd_rocclr_copyBuffer,0
81,__amd_rocclr_copyBuffer,0
82,__amd_rocclr_copyBuffer,0
83,__amd_rocclr_copyBuffer,0
84,__amd_rocclr_copyBuffer,0
85,__amd_rocclr_copyBuffer,0
86,__amd_rocclr_copyBuffer,0
87,__amd_rocclr_copyBuffer,0
88,__amd_rocclr_copyBuffer,0
89,__amd_rocclr_copyBuffer,0
90,__amd_rocclr_copyBuffer,0
91,__amd_rocclr_copyBuffer,0
92,__amd_rocclr_copyBuffer,0
93,__amd_rocclr_copyBuffer,0
94,__amd_rocclr_copyBuffer,0
95,__amd_rocclr_copyBuffer,0
96,__amd_rocclr_copyBuffer,0
97,__amd_rocclr_copyBuffer,0
98,__amd_rocclr_copyBuffer,0
99,__amd_rocclr_copyBuffer,0
100,__amd_rocclr_copyBuffer,0
101,__amd_rocclr_copyBuffer,0
102,__amd_rocclr_copyBuffer,0
103,__amd_rocclr_copyBuffer,0
104,__amd_rocclr_copyBuffer,0
105,__amd_rocclr_copyBuffer,0
106,__amd_rocclr_copyBuffer,0
107,__amd_rocclr_copyBuffer,0
108,__amd_rocclr_copyBuffer,0
109,__amd_rocclr_copyBuffer,0
110,__amd_rocclr_copyBuffer,0
111,__amd_rocclr_copyBuffer,0
112,__amd_rocclr_copyBuffer,0
113,__amd_rocclr_copyBuffer,0
114,__amd_rocclr_copyBuffer,0
115,__amd_rocclr_copyBuffer,0
116,__amd_rocclr_copyBuffer,0
117,__amd_rocclr_copyBuffer,0
118,__amd_rocclr_copyBuffer,0
119,__amd_rocclr_copyBuffer,0
120,__amd_rocclr_copyBuffer,0
121,__amd_rocclr_copyBuffer,0
122,__amd_rocclr_copyBuffer,0
123,__amd_rocclr_copyBuffer,0
124,__amd_rocclr_copyBuffer,0
125,__amd_rocclr_copyBuffer,0
126,__amd_rocclr_copyBuffer,0
127,__amd_rocclr_copyBuffer,0
128,__amd_rocclr_copyBuffer,0
129,__amd_rocclr_copyBuffer,0
130,__amd_rocclr_copyBuffer,0
131,__amd_rocclr_copyBuffer,0
132,__amd_rocclr_copyBuffer,0
133,__amd_rocclr_copyBuffer,0
134,__amd_rocclr_copyBuffer,0
135,__amd_rocclr_copyBuffer,0
136,__amd_rocclr_copyBuffer,0
137,__amd_rocclr_copyBuffer,0
138,__amd_rocclr_copyBuffer,0
139,__amd_rocclr_copyBuffer,0
140,__amd_rocclr_copyBuffer,0
141,__amd_rocclr_copyBuffer,0
142,__amd_rocclr_copyBuffer,0
143,__amd_rocclr_copyBuffer,0
144,__amd_rocclr_copyBuffer,0
145,__amd_rocclr_copyBuffer,0
146,__amd_rocclr_copyBuffer,0
147,__amd_rocclr_copyBuffer,0
148,__amd_rocclr_copyBuffer,0
149,__amd_rocclr_copyBuffer,0
150,__amd_rocclr_copyBuffer,0
