Dispatch_ID,GPU_ID,Queue_ID,PID,TID,Grid_Size,Workgroup_Size,LDS_Per_Workgroup,Scratch_Per_Workitem,Arch_VGPR,Accum_VGPR,SGPR,Wave_Size,Kernel_Name,Start_Timestamp,End_Timestamp,Correlation_ID,Kernel_ID,CPC_CPC_STAT_BUSY,CPC_CPC_STAT_STALL,SQC_DCACHE_HITS,SQC_ICACHE_MISSES_DUPLICATE,SQ_INSTS_GDS,SQ_INSTS_VALU_ADD_F64,SQ_INSTS_VALU_MFMA_MOPS_F8,SQ_INST_LEVEL_VMEM,SQ_ACCUM_PREV_HIRES,SQ_WAIT_INST_ANY,TA_ADDR_STALLED_BY_TD_CYCLES_sum,TA_BUFFER_ATOMIC_WAVEFRONTS_sum,TCC_BUBBLE_sum,TCC_EA0_ATOMIC_sum,TCC_EA0_WRREQ_LEVEL_sum,TCC_NC_REQ_sum,TCP_TCC_ATOMIC_WITH_RET_REQ_sum,TCP_TCC_UC_WRITE_REQ_sum,TCP_TCC_WRITE_REQ_sum,TCP_WRITE_TAGCONFLICT_STALL_CYCLES_sum
0,0,1,1638,1638,622592,256,0,0,56,0,48,64,"void at::native::(anonymous namespace)::distribution_elementwise_grid_stride_kernel<float, 4, at::native::templates::cuda::normal_and_transform<c10::Half, float, at::CUDAGeneratorImpl*, at::native::templates::cuda::normal_kernel<at::CUDAGeneratorImpl*>(at::TensorBase const&, double, double, at::CUDAGeneratorImpl*)::{lambda()#1}::operator()() const::{lambda()#3}::operator()() const::{lambda(float)#1}>(at::TensorIteratorBase&, at::CUDAGeneratorImpl*, at::native::templates::cuda::normal_kernel<at::CUDAGeneratorImpl*>(at::TensorBase const&, double, double, at::CUDAGeneratorImpl*)::{lambda()#1}::operator()() const::{lambda()#3}::operator()() const::{lambda(float)#1})::{lambda(hiprandStatePhilox4_32_10*)#2}, at::native::(anonymous namespace)::distribution_nullary_kernel<c10::Half, float, HIP_vector_type<float, 4u>, at::CUDAGeneratorImpl*, at::native::templates::cuda::normal_and_transform<c10::Half, float, at::CUDAGeneratorImpl*, at::native::templates::cuda::normal_kernel<at::CUDAGeneratorImpl*>(at::TensorBase const&, double, double, at::CUDAGeneratorImpl*)::{lambda()#1}::operator()() const::{lambda()#3}::operator()() const::{lambda(float)#1}>(at::TensorIteratorBase&, at::CUDAGeneratorImpl*, at::native::templates::cuda::normal_kernel<at::CUDAGeneratorImpl*>(at::TensorBase const&, double, double, at::CUDAGeneratorImpl*)::{lambda()#1}::operator()() const::{lambda()#3}::operator()() const::{lambda(float)#1})::{lambda(hiprandStatePhilox4_32_10*)#2}, at::native::templates::cuda::normal_kernel<at::CUDAGeneratorImpl*>(at::TensorBase const&, double, double, at::CUDAGeneratorImpl*)::{lambda()#1}::operator()() const::{lambda()#3}::operator()() const::{lambda(float)#1}>(at::TensorIteratorBase&, at::CUDAGeneratorImpl*, at::native::templates::cuda::normal_and_transform<c10::Half, float, at::CUDAGeneratorImpl*, at::native::templates::cuda::normal_kernel<at::CUDAGeneratorImpl*>(at::TensorBase const&, double, double, at::CUDAGeneratorImpl*)::{lambda()#1}::operator()() const::{lambda()#3}::operator()() const::{lambda(float)#1}>(at::TensorIteratorBase&, at::CUDAGeneratorImpl*, at::native::templates::cuda::normal_kernel<at::CUDAGeneratorImpl*>(at::TensorBase const&, double, double, at::CUDAGeneratorImpl*)::{lambda()#1}::operator()() const::{lambda()#3}::operator()() const::{lambda(float)#1})::{lambda(hiprandStatePhilox4_32_10*)#2} const&, at::native::templates::cuda::normal_kernel<at::CUDAGeneratorImpl*>(at::TensorBase const&, double, double, at::CUDAGeneratorImpl*)::{lambda()#1}::operator()() const::{lambda()#3}::operator()() const::{lambda(float)#1})::{lambda(int, float)#1}>(long, at::PhiloxCudaState, at::native::templates::cuda::normal_and_transform<c10::Half, float, at::CUDAGeneratorImpl*, at::native::templates::cuda::normal_kernel<at::CUDAGeneratorImpl*>(at::TensorBase const&, double, double, at::CUDAGeneratorImpl*)::{lambda()#1}::operator()() const::{lambda()#3}::operator()() const::{lambda(float)#1}>(at::TensorIteratorBase&, at::CUDAGeneratorImpl*, at::native::templates::cuda::normal_kernel<at::CUDAGeneratorImpl*>(at::TensorBase const&, double, double, at::CUDAGeneratorImpl*)::{lambda()#1}::operator()() const::{lambda()#3}::operator()() const::{lambda(float)#1})::{lambda(hiprandStatePhilox4_32_10*)#2}, at::native::(anonymous namespace)::distribution_nullary_kernel<c10::Half, float, HIP_vector_type<float, 4u>, at::CUDAGeneratorImpl*, at::native::templates::cuda::normal_and_transform<c10::Half, float, at::CUDAGeneratorImpl*, at::native::templates::cuda::normal_kernel<at::CUDAGeneratorImpl*>(at::TensorBase const&, double, double, at::CUDAGeneratorImpl*)::{lambda()#1}::operator()() const::{lambda()#3}::operator()() const::{lambda(float)#1}>(at::TensorIteratorBase&, at::CUDAGeneratorImpl*, at::native::templates::cuda::normal_kernel<at::CUDAGeneratorImpl*>(at::TensorBase const&, double, double, at::CUDAGeneratorImpl*)::{lambda()#1}::operator()() const::{lambda()#3}::operator()() const::{lambda(float)#1})::{lambda(hiprandStatePhilox4_32_10*)#2}, at::native::templates::cuda::normal_kernel<at::CUDAGeneratorImpl*>(at::TensorBase const&, double, double, at::CUDAGeneratorImpl*)::{lambda()#1}::operator()() const::{lambda()#3}::operator()() const::{lambda(float)#1}>(at::TensorIteratorBase&, at::CUDAGeneratorImpl*, at::native::templates::cuda::normal_and_transform<c10::Half, float, at::CUDAGeneratorImpl*, at::native::templates::cuda::normal_kernel<at::CUDAGeneratorImpl*>(at::TensorBase const&, double, double, at::CUDAGeneratorImpl*)::{lambda()#1}::operator()() const::{lambda()#3}::operator()() const::{lambda(float)#1}>(at::TensorIteratorBase&, at::CUDAGeneratorImpl*, at::native::templates::cuda::normal_kernel<at::CUDAGeneratorImpl*>(at::TensorBase const&, double, double, at::CUDAGeneratorImpl*)::{lambda()#1}::operator()() const::{lambda()#3}::operator()() const::{lambda(float)#1})::{lambda(hiprandStatePhilox4_32_10*)#2} const&, at::native::templates::cuda::normal_kernel<at::CUDAGeneratorImpl*>(at::TensorBase const&, double, double, at::CUDAGeneratorImpl*)::{lambda()#1}::operator()() const::{lambda()#3}::operator()() const::{lambda(float)#1})::{lambda(int, float)#1})",12891414517607,12891416284189,1,14,19515543.0,3837730.0,67865.0,18573.0,0.0,0.0,0.0,5359461076.0,5359461076.0,1873368794.0,0.0,0.0,0.0,0.0,8087779658.0,0.0,0.0,0.0,33554432.0,0.0
1,0,1,1638,1638,622592,256,0,0,56,0,48,64,"void at::native::(anonymous namespace)::distribution_elementwise_grid_stride_kernel<float, 4, at::native::templates::cuda::normal_and_transform<c10::Half, float, at::CUDAGeneratorImpl*, at::native::templates::cuda::normal_kernel<at::CUDAGeneratorImpl*>(at::TensorBase const&, double, double, at::CUDAGeneratorImpl*)::{lambda()#1}::operator()() const::{lambda()#3}::operator()() const::{lambda(float)#1}>(at::TensorIteratorBase&, at::CUDAGeneratorImpl*, at::native::templates::cuda::normal_kernel<at::CUDAGeneratorImpl*>(at::TensorBase const&, double, double, at::CUDAGeneratorImpl*)::{lambda()#1}::operator()() const::{lambda()#3}::operator()() const::{lambda(float)#1})::{lambda(hiprandStatePhilox4_32_10*)#2}, at::native::(anonymous namespace)::distribution_nullary_kernel<c10::Half, float, HIP_vector_type<float, 4u>, at::CUDAGeneratorImpl*, at::native::templates::cuda::normal_and_transform<c10::Half, float, at::CUDAGeneratorImpl*, at::native::templates::cuda::normal_kernel<at::CUDAGeneratorImpl*>(at::TensorBase const&, double, double, at::CUDAGeneratorImpl*)::{lambda()#1}::operator()() const::{lambda()#3}::operator()() const::{lambda(float)#1}>(at::TensorIteratorBase&, at::CUDAGeneratorImpl*, at::native::templates::cuda::normal_kernel<at::CUDAGeneratorImpl*>(at::TensorBase const&, double, double, at::CUDAGeneratorImpl*)::{lambda()#1}::operator()() const::{lambda()#3}::operator()() const::{lambda(float)#1})::{lambda(hiprandStatePhilox4_32_10*)#2}, at::native::templates::cuda::normal_kernel<at::CUDAGeneratorImpl*>(at::TensorBase const&, double, double, at::CUDAGeneratorImpl*)::{lambda()#1}::operator()() const::{lambda()#3}::operator()() const::{lambda(float)#1}>(at::TensorIteratorBase&, at::CUDAGeneratorImpl*, at::native::templates::cuda::normal_and_transform<c10::Half, float, at::CUDAGeneratorImpl*, at::native::templates::cuda::normal_kernel<at::CUDAGeneratorImpl*>(at::TensorBase const&, double, double, at::CUDAGeneratorImpl*)::{lambda()#1}::operator()() const::{lambda()#3}::operator()() const::{lambda(float)#1}>(at::TensorIteratorBase&, at::CUDAGeneratorImpl*, at::native::templates::cuda::normal_kernel<at::CUDAGeneratorImpl*>(at::TensorBase const&, double, double, at::CUDAGeneratorImpl*)::{lambda()#1}::operator()() const::{lambda()#3}::operator()() const::{lambda(float)#1})::{lambda(hiprandStatePhilox4_32_10*)#2} const&, at::native::templates::cuda::normal_kernel<at::CUDAGeneratorImpl*>(at::TensorBase const&, double, double, at::CUDAGeneratorImpl*)::{lambda()#1}::operator()() const::{lambda()#3}::operator()() const::{lambda(float)#1})::{lambda(int, float)#1}>(long, at::PhiloxCudaState, at::native::templates::cuda::normal_and_transform<c10::Half, float, at::CUDAGeneratorImpl*, at::native::templates::cuda::normal_kernel<at::CUDAGeneratorImpl*>(at::TensorBase const&, double, double, at::CUDAGeneratorImpl*)::{lambda()#1}::operator()() const::{lambda()#3}::operator()() const::{lambda(float)#1}>(at::TensorIteratorBase&, at::CUDAGeneratorImpl*, at::native::templates::cuda::normal_kernel<at::CUDAGeneratorImpl*>(at::TensorBase const&, double, double, at::CUDAGeneratorImpl*)::{lambda()#1}::operator()() const::{lambda()#3}::operator()() const::{lambda(float)#1})::{lambda(hiprandStatePhilox4_32_10*)#2}, at::native::(anonymous namespace)::distribution_nullary_kernel<c10::Half, float, HIP_vector_type<float, 4u>, at::CUDAGeneratorImpl*, at::native::templates::cuda::normal_and_transform<c10::Half, float, at::CUDAGeneratorImpl*, at::native::templates::cuda::normal_kernel<at::CUDAGeneratorImpl*>(at::TensorBase const&, double, double, at::CUDAGeneratorImpl*)::{lambda()#1}::operator()() const::{lambda()#3}::operator()() const::{lambda(float)#1}>(at::TensorIteratorBase&, at::CUDAGeneratorImpl*, at::native::templates::cuda::normal_kernel<at::CUDAGeneratorImpl*>(at::TensorBase const&, double, double, at::CUDAGeneratorImpl*)::{lambda()#1}::operator()() const::{lambda()#3}::operator()() const::{lambda(float)#1})::{lambda(hiprandStatePhilox4_32_10*)#2}, at::native::templates::cuda::normal_kernel<at::CUDAGeneratorImpl*>(at::TensorBase const&, double, double, at::CUDAGeneratorImpl*)::{lambda()#1}::operator()() const::{lambda()#3}::operator()() const::{lambda(float)#1}>(at::TensorIteratorBase&, at::CUDAGeneratorImpl*, at::native::templates::cuda::normal_and_transform<c10::Half, float, at::CUDAGeneratorImpl*, at::native::templates::cuda::normal_kernel<at::CUDAGeneratorImpl*>(at::TensorBase const&, double, double, at::CUDAGeneratorImpl*)::{lambda()#1}::operator()() const::{lambda()#3}::operator()() const::{lambda(float)#1}>(at::TensorIteratorBase&, at::CUDAGeneratorImpl*, at::native::templates::cuda::normal_kernel<at::CUDAGeneratorImpl*>(at::TensorBase const&, double, double, at::CUDAGeneratorImpl*)::{lambda()#1}::operator()() const::{lambda()#3}::operator()() const::{lambda(float)#1})::{lambda(hiprandStatePhilox4_32_10*)#2} const&, at::native::templates::cuda::normal_kernel<at::CUDAGeneratorImpl*>(at::TensorBase const&, double, double, at::CUDAGeneratorImpl*)::{lambda()#1}::operator()() const::{lambda()#3}::operator()() const::{lambda(float)#1})::{lambda(int, float)#1})",12891416727527,12891418215388,2,14,19588862.0,3713192.0,67904.0,19454.0,0.0,0.0,0.0,5345583145.0,5345583145.0,1875115648.0,0.0,0.0,0.0,0.0,8533121436.0,0.0,0.0,0.0,33554432.0,0.0
2,0,1,1638,1638,32768,256,0,0,56,0,48,64,"void at::native::(anonymous namespace)::distribution_elementwise_grid_stride_kernel<float, 4, at::native::templates::cuda::normal_and_transform<c10::Half, float, at::CUDAGeneratorImpl*, at::native::templates::cuda::normal_kernel<at::CUDAGeneratorImpl*>(at::TensorBase const&, double, double, at::CUDAGeneratorImpl*)::{lambda()#1}::operator()() const::{lambda()#3}::operator()() const::{lambda(float)#1}>(at::TensorIteratorBase&, at::CUDAGeneratorImpl*, at::native::templates::cuda::normal_kernel<at::CUDAGeneratorImpl*>(at::TensorBase const&, double, double, at::CUDAGeneratorImpl*)::{lambda()#1}::operator()() const::{lambda()#3}::operator()() const::{lambda(float)#1})::{lambda(hiprandStatePhilox4_32_10*)#2}, at::native::(anonymous namespace)::distribution_nullary_kernel<c10::Half, float, HIP_vector_type<float, 4u>, at::CUDAGeneratorImpl*, at::native::templates::cuda::normal_and_transform<c10::Half, float, at::CUDAGeneratorImpl*, at::native::templates::cuda::normal_kernel<at::CUDAGeneratorImpl*>(at::TensorBase const&, double, double, at::CUDAGeneratorImpl*)::{lambda()#1}::operator()() const::{lambda()#3}::operator()() const::{lambda(float)#1}>(at::TensorIteratorBase&, at::CUDAGeneratorImpl*, at::native::templates::cuda::normal_kernel<at::CUDAGeneratorImpl*>(at::TensorBase const&, double, double, at::CUDAGeneratorImpl*)::{lambda()#1}::operator()() const::{lambda()#3}::operator()() const::{lambda(float)#1})::{lambda(hiprandStatePhilox4_32_10*)#2}, at::native::templates::cuda::normal_kernel<at::CUDAGeneratorImpl*>(at::TensorBase const&, double, double, at::CUDAGeneratorImpl*)::{lambda()#1}::operator()() const::{lambda()#3}::operator()() const::{lambda(float)#1}>(at::TensorIteratorBase&, at::CUDAGeneratorImpl*, at::native::templates::cuda::normal_and_transform<c10::Half, float, at::CUDAGeneratorImpl*, at::native::templates::cuda::normal_kernel<at::CUDAGeneratorImpl*>(at::TensorBase const&, double, double, at::CUDAGeneratorImpl*)::{lambda()#1}::operator()() const::{lambda()#3}::operator()() const::{lambda(float)#1}>(at::TensorIteratorBase&, at::CUDAGeneratorImpl*, at::native::templates::cuda::normal_kernel<at::CUDAGeneratorImpl*>(at::TensorBase const&, double, double, at::CUDAGeneratorImpl*)::{lambda()#1}::operator()() const::{lambda()#3}::operator()() const::{lambda(float)#1})::{lambda(hiprandStatePhilox4_32_10*)#2} const&, at::native::templates::cuda::normal_kernel<at::CUDAGeneratorImpl*>(at::TensorBase const&, double, double, at::CUDAGeneratorImpl*)::{lambda()#1}::operator()() const::{lambda()#3}::operator()() const::{lambda(float)#1})::{lambda(int, float)#1}>(long, at::PhiloxCudaState, at::native::templates::cuda::normal_and_transform<c10::Half, float, at::CUDAGeneratorImpl*, at::native::templates::cuda::normal_kernel<at::CUDAGeneratorImpl*>(at::TensorBase const&, double, double, at::CUDAGeneratorImpl*)::{lambda()#1}::operator()() const::{lambda()#3}::operator()() const::{lambda(float)#1}>(at::TensorIteratorBase&, at::CUDAGeneratorImpl*, at::native::templates::cuda::normal_kernel<at::CUDAGeneratorImpl*>(at::TensorBase const&, double, double, at::CUDAGeneratorImpl*)::{lambda()#1}::operator()() const::{lambda()#3}::operator()() const::{lambda(float)#1})::{lambda(hiprandStatePhilox4_32_10*)#2}, at::native::(anonymous namespace)::distribution_nullary_kernel<c10::Half, float, HIP_vector_type<float, 4u>, at::CUDAGeneratorImpl*, at::native::templates::cuda::normal_and_transform<c10::Half, float, at::CUDAGeneratorImpl*, at::native::templates::cuda::normal_kernel<at::CUDAGeneratorImpl*>(at::TensorBase const&, double, double, at::CUDAGeneratorImpl*)::{lambda()#1}::operator()() const::{lambda()#3}::operator()() const::{lambda(float)#1}>(at::TensorIteratorBase&, at::CUDAGeneratorImpl*, at::native::templates::cuda::normal_kernel<at::CUDAGeneratorImpl*>(at::TensorBase const&, double, double, at::CUDAGeneratorImpl*)::{lambda()#1}::operator()() const::{lambda()#3}::operator()() const::{lambda(float)#1})::{lambda(hiprandStatePhilox4_32_10*)#2}, at::native::templates::cuda::normal_kernel<at::CUDAGeneratorImpl*>(at::TensorBase const&, double, double, at::CUDAGeneratorImpl*)::{lambda()#1}::operator()() const::{lambda()#3}::operator()() const::{lambda(float)#1}>(at::TensorIteratorBase&, at::CUDAGeneratorImpl*, at::native::templates::cuda::normal_and_transform<c10::Half, float, at::CUDAGeneratorImpl*, at::native::templates::cuda::normal_kernel<at::CUDAGeneratorImpl*>(at::TensorBase const&, double, double, at::CUDAGeneratorImpl*)::{lambda()#1}::operator()() const::{lambda()#3}::operator()() const::{lambda(float)#1}>(at::TensorIteratorBase&, at::CUDAGeneratorImpl*, at::native::templates::cuda::normal_kernel<at::CUDAGeneratorImpl*>(at::TensorBase const&, double, double, at::CUDAGeneratorImpl*)::{lambda()#1}::operator()() const::{lambda()#3}::operator()() const::{lambda(float)#1})::{lambda(hiprandStatePhilox4_32_10*)#2} const&, at::native::templates::cuda::normal_kernel<at::CUDAGeneratorImpl*>(at::TensorBase const&, double, double, at::CUDAGeneratorImpl*)::{lambda()#1}::operator()() const::{lambda()#3}::operator()() const::{lambda(float)#1})::{lambda(int, float)#1})",12891418645938,12891418650830,3,14,161760.0,56491.0,1536.0,1260.0,0.0,0.0,0.0,448521.0,448521.0,574.0,0.0,0.0,0.0,0.0,260552.0,0.0,0.0,0.0,1024.0,0.0
3,0,1,1638,1638,16777216,256,0,0,40,192,48,64,matmulbias_kernel,12891784295097,12892024944942,4,27,3116140771.0,2980936.0,0.0,2816.0,0.0,0.0,0.0,1454606270086.0,1454606270086.0,38948965821.0,0.0,0.0,4424096001.0,0.0,17052365950.0,0.0,0.0,0.0,134217728.0,201326592.0
4,0,1,1638,1638,4194304,256,0,0,12,4,32,64,"void at::native::vectorized_elementwise_kernel<4, at::native::FillFunctor<int>, std::array<char*, 1ul> >(int, at::native::FillFunctor<int>, std::array<char*, 1ul>)",12892038231199,12892038273936,5,141,830641.0,75651.0,60744.0,3633.0,0.0,0.0,0.0,554308922.0,554308922.0,127918028.0,0.0,0.0,0.0,0.0,1668859563.0,0.0,0.0,0.0,4194304.0,0.0
5,0,1,1638,1638,16777216,256,0,0,40,192,48,64,matmulbias_kernel,12892038641567,12892276876109,6,27,2463423990.0,4233845.0,0.0,12044.0,0.0,0.0,0.0,1092160343095.0,1092160343095.0,38248023040.0,0.0,0.0,4424925069.0,0.0,8858386321.0,0.0,0.0,0.0,135297536.0,201326592.0
6,0,1,1638,1638,4194304,256,0,0,12,4,32,64,"void at::native::vectorized_elementwise_kernel<4, at::native::FillFunctor<int>, std::array<char*, 1ul> >(int, at::native::FillFunctor<int>, std::array<char*, 1ul>)",12892277343893,12892277391762,7,141,728889.0,69549.0,60576.0,6732.0,0.0,0.0,0.0,439188752.0,439188752.0,116512136.0,0.0,0.0,0.0,0.0,1361790089.0,0.0,0.0,0.0,4194304.0,0.0
7,0,1,1638,1638,16777216,256,0,0,40,192,48,64,matmulbias_kernel,12892277793053,12892529900655,8,27,2462586959.0,10322635.0,0.0,2897.0,0.0,0.0,0.0,1065901554023.0,1065901554023.0,38078916181.0,0.0,0.0,4424410061.0,0.0,7839278968.0,0.0,0.0,0.0,134217728.0,201326592.0
8,0,1,1638,1638,4194304,256,0,0,12,4,32,64,"void at::native::vectorized_elementwise_kernel<4, at::native::FillFunctor<int>, std::array<char*, 1ul> >(int, at::native::FillFunctor<int>, std::array<char*, 1ul>)",12892530291702,12892530333998,9,141,837241.0,83363.0,60724.0,3917.0,0.0,0.0,0.0,551372989.0,551372989.0,125899998.0,0.0,0.0,0.0,0.0,1655163625.0,0.0,0.0,0.0,4194304.0,0.0
9,0,1,1638,1638,16777216,256,0,0,40,192,48,64,matmulbias_kernel,12892530709858,12892768575239,10,27,2428423558.0,2832016.0,0.0,2783.0,0.0,0.0,0.0,1078507265936.0,1078507265936.0,38366157767.0,0.0,0.0,4424157436.0,0.0,8265673283.0,0.0,0.0,0.0,134217728.0,201326592.0
10,0,1,1638,1638,4194304,256,0,0,12,4,32,64,"void at::native::vectorized_elementwise_kernel<4, at::native::FillFunctor<int>, std::array<char*, 1ul> >(int, at::native::FillFunctor<int>, std::array<char*, 1ul>)",12892769026104,12892769070284,11,141,633486.0,63617.0,60760.0,3233.0,0.0,0.0,0.0,421848610.0,421848610.0,89986767.0,0.0,0.0,0.0,0.0,1177663455.0,0.0,0.0,0.0,4194304.0,0.0
11,0,1,1638,1638,16777216,256,0,0,40,192,48,64,matmulbias_kernel,12892769485518,12893015255835,12,27,2453490523.0,7804270.0,0.0,2913.0,0.0,0.0,0.0,1075535437397.0,1075535437397.0,38282286572.0,0.0,0.0,4424303140.0,0.0,8038119972.0,0.0,0.0,0.0,134217728.0,201326592.0
12,0,1,1638,1638,4194304,256,0,0,12,4,32,64,"void at::native::vectorized_elementwise_kernel<4, at::native::FillFunctor<int>, std::array<char*, 1ul> >(int, at::native::FillFunctor<int>, std::array<char*, 1ul>)",12893015649368,12893015692306,13,141,807631.0,76296.0,60732.0,3844.0,0.0,0.0,0.0,535054066.0,535054066.0,121295346.0,0.0,0.0,0.0,0.0,1586516238.0,0.0,0.0,0.0,4194304.0,0.0
13,0,1,1638,1638,16777216,256,0,0,40,192,48,64,matmulbias_kernel,12893016056271,12893266982937,14,27,2617336977.0,14452784.0,0.0,2861.0,0.0,0.0,0.0,1143818606345.0,1143818606345.0,38101239203.0,0.0,0.0,4424760606.0,0.0,9251824594.0,0.0,0.0,0.0,134217728.0,201326592.0
14,0,1,1638,1638,16777216,256,0,0,40,192,48,64,matmulbias_kernel,12893267525177,12893520922775,15,27,2521842722.0,9996073.0,0.0,2875.0,0.0,0.0,0.0,1101125394650.0,1101125394650.0,38046014829.0,0.0,0.0,4424341542.0,0.0,8424933599.0,0.0,0.0,0.0,134217728.0,201326592.0
15,0,1,1638,1638,4194304,256,0,0,12,4,32,64,"void at::native::vectorized_elementwise_kernel<4, at::native::FillFunctor<int>, std::array<char*, 1ul> >(int, at::native::FillFunctor<int>, std::array<char*, 1ul>)",12893521320758,12893521370070,16,141,941082.0,78615.0,60714.0,4123.0,0.0,0.0,0.0,639329342.0,639329342.0,147667293.0,0.0,0.0,0.0,0.0,1920613947.0,0.0,0.0,0.0,4194304.0,0.0
16,0,1,1638,1638,16777216,256,0,0,40,192,48,64,matmulbias_kernel,12893521774070,12893766206519,17,27,2473969477.0,10394332.0,0.0,3139.0,0.0,0.0,0.0,1079913160398.0,1079913160398.0,38384365861.0,0.0,0.0,4424373587.0,0.0,8160469294.0,0.0,0.0,0.0,134217728.0,201326592.0
17,0,1,1638,1638,33554432,512,0,0,20,132,48,64,matmulbias_kernel,12893768756500,12894031919428,18,196,2096377513.0,11076028.0,0.0,2677.0,0.0,0.0,0.0,535949950462.0,535949950462.0,71283838922.0,0.0,0.0,4489639248.0,0.0,5445357466.0,0.0,0.0,0.0,134217728.0,201326592.0
18,0,1,1638,1638,4194304,256,0,0,12,4,32,64,"void at::native::vectorized_elementwise_kernel<4, at::native::FillFunctor<int>, std::array<char*, 1ul> >(int, at::native::FillFunctor<int>, std::array<char*, 1ul>)",12894032410663,12894032459333,19,141,939460.0,81275.0,60706.0,4244.0,0.0,0.0,0.0,638829081.0,638829081.0,147581211.0,0.0,0.0,0.0,0.0,1948668181.0,0.0,0.0,0.0,4194304.0,0.0
19,0,1,1638,1638,33554432,512,0,0,20,132,48,64,matmulbias_kernel,12894032860681,12894285726517,20,196,2108475378.0,11721225.0,0.0,2762.0,0.0,0.0,0.0,577443534334.0,577443534334.0,70968124828.0,0.0,0.0,4755505327.0,0.0,6224420099.0,0.0,0.0,0.0,134217728.0,201326592.0
20,0,1,1638,1638,4194304,256,0,0,12,4,32,64,"void at::native::vectorized_elementwise_kernel<4, at::native::FillFunctor<int>, std::array<char*, 1ul> >(int, at::native::FillFunctor<int>, std::array<char*, 1ul>)",12894286139454,12894286197145,21,141,1092651.0,80288.0,60614.0,4715.0,0.0,0.0,0.0,758152104.0,758152104.0,178555034.0,0.0,0.0,0.0,0.0,2319332560.0,0.0,0.0,0.0,4194304.0,0.0
21,0,1,1638,1638,33554432,512,0,0,20,132,48,64,matmulbias_kernel,12894286614586,12894546117938,22,196,2119241195.0,11610619.0,0.0,17094.0,0.0,0.0,0.0,588117801502.0,588117801502.0,70979571410.0,0.0,0.0,4811044139.0,0.0,6588083828.0,0.0,0.0,0.0,136007680.0,201326592.0
22,0,1,1638,1638,4194304,256,0,0,12,4,32,64,"void at::native::vectorized_elementwise_kernel<4, at::native::FillFunctor<int>, std::array<char*, 1ul> >(int, at::native::FillFunctor<int>, std::array<char*, 1ul>)",12894546535365,12894546597426,23,141,1097920.0,90312.0,60576.0,8620.0,0.0,0.0,0.0,672805564.0,672805564.0,192522234.0,0.0,0.0,0.0,0.0,2293432291.0,0.0,0.0,0.0,4194304.0,0.0
23,0,1,1638,1638,33554432,512,0,0,20,132,48,64,matmulbias_kernel,12894547063405,12894802501937,24,196,2116793840.0,11147867.0,0.0,2713.0,0.0,0.0,0.0,592078967657.0,592078967657.0,71018696312.0,0.0,0.0,4865144388.0,0.0,6216142883.0,0.0,0.0,0.0,134217728.0,201326592.0
24,0,1,1638,1638,4194304,256,0,0,12,4,32,64,"void at::native::vectorized_elementwise_kernel<4, at::native::FillFunctor<int>, std::array<char*, 1ul> >(int, at::native::FillFunctor<int>, std::array<char*, 1ul>)",12894802918121,12894802976133,25,141,1001632.0,84008.0,60633.0,4446.0,0.0,0.0,0.0,682155923.0,682155923.0,158806729.0,0.0,0.0,0.0,0.0,2103201191.0,0.0,0.0,0.0,4194304.0,0.0
25,0,1,1638,1638,33554432,512,0,0,20,132,48,64,matmulbias_kernel,12894803361336,12895061932831,26,196,2113448458.0,11686639.0,0.0,2719.0,0.0,0.0,0.0,567412228882.0,567412228882.0,71148029763.0,0.0,0.0,4720364495.0,0.0,5883647187.0,0.0,0.0,0.0,134217728.0,201326592.0
26,0,1,1638,1638,4194304,256,0,0,12,4,32,64,"void at::native::vectorized_elementwise_kernel<4, at::native::FillFunctor<int>, std::array<char*, 1ul> >(int, at::native::FillFunctor<int>, std::array<char*, 1ul>)",12895062433367,12895062482278,27,141,877810.0,78161.0,60692.0,4409.0,0.0,0.0,0.0,608364372.0,608364372.0,140505395.0,0.0,0.0,0.0,0.0,1867356111.0,0.0,0.0,0.0,4194304.0,0.0
27,0,1,1638,1638,33554432,512,0,0,20,132,48,64,matmulbias_kernel,12895062858622,12895325740733,28,196,2096048659.0,11369041.0,0.0,2695.0,0.0,0.0,0.0,524362777618.0,524362777618.0,71382518383.0,0.0,0.0,4480105675.0,0.0,5267069894.0,0.0,0.0,0.0,134217728.0,201326592.0
28,0,1,1638,1638,33554432,512,0,0,20,132,48,64,matmulbias_kernel,12895326276489,12895583122657,29,196,2107473969.0,10331962.0,0.0,2729.0,0.0,0.0,0.0,580906922353.0,580906922353.0,71000092696.0,0.0,0.0,4830646085.0,0.0,6130678874.0,0.0,0.0,0.0,134217728.0,201326592.0
29,0,1,1638,1638,4194304,256,0,0,12,4,32,64,"void at::native::vectorized_elementwise_kernel<4, at::native::FillFunctor<int>, std::array<char*, 1ul> >(int, at::native::FillFunctor<int>, std::array<char*, 1ul>)",12895583582180,12895583631692,30,141,869394.0,71900.0,60716.0,4322.0,0.0,0.0,0.0,586525466.0,586525466.0,133336016.0,0.0,0.0,0.0,0.0,1772940356.0,0.0,0.0,0.0,4194304.0,0.0
30,0,1,1638,1638,33554432,512,0,0,20,132,48,64,matmulbias_kernel,12895584010737,12895836088400,31,196,2106726093.0,10669827.0,0.0,2685.0,0.0,0.0,0.0,596262391112.0,596262391112.0,70743707839.0,0.0,0.0,4755453896.0,0.0,6329117562.0,0.0,0.0,0.0,134217728.0,201326592.0
31,0,1,1638,1638,16777216,256,0,0,40,192,48,64,matmulbias_kernel,12895862382441,12896099581416,32,27,2441719104.0,3748337.0,0.0,29465.0,0.0,0.0,0.0,1087073835034.0,1087073835034.0,38464258652.0,0.0,0.0,4424380820.0,0.0,8373695858.0,0.0,0.0,0.0,134217728.0,201326592.0
32,0,1,1638,1638,512,256,0,0,8,0,32,64,"void at::native::(anonymous namespace)::CatArrayBatchedCopy_contig<at::native::(anonymous namespace)::OpaqueType<2u>, unsigned int, 1, 128, 1>(at::native::(anonymous namespace)::OpaqueType<2u>*, at::native::(anonymous namespace)::CatArrInputTensorMetadata<at::native::(anonymous namespace)::OpaqueType<2u>, unsigned int, 128, 1>, at::native::(anonymous namespace)::TensorSizeStride<unsigned int, 4u>, int, unsigned int)",12896100064713,12896100068321,33,289,160699.0,54116.0,4.0,6.0,0.0,0.0,0.0,2018.0,2018.0,6.0,0.0,0.0,2.0,0.0,465.0,0.0,0.0,0.0,2.0,0.0
33,0,1,1638,1638,512,256,0,0,8,0,32,64,"void at::native::(anonymous namespace)::CatArrayBatchedCopy_contig<at::native::(anonymous namespace)::OpaqueType<2u>, unsigned int, 1, 128, 1>(at::native::(anonymous namespace)::OpaqueType<2u>*, at::native::(anonymous namespace)::CatArrInputTensorMetadata<at::native::(anonymous namespace)::OpaqueType<2u>, unsigned int, 128, 1>, at::native::(anonymous namespace)::TensorSizeStride<unsigned int, 4u>, int, unsigned int)",12896100474965,12896100477731,34,289,136747.0,49661.0,4.0,6.0,0.0,0.0,0.0,2187.0,2187.0,5.0,0.0,0.0,2.0,0.0,621.0,0.0,0.0,0.0,2.0,0.0
34,0,1,1638,1638,512,256,0,0,8,0,32,64,"void at::native::(anonymous namespace)::CatArrayBatchedCopy_contig<at::native::(anonymous namespace)::OpaqueType<2u>, unsigned int, 1, 128, 1>(at::native::(anonymous namespace)::OpaqueType<2u>*, at::native::(anonymous namespace)::CatArrInputTensorMetadata<at::native::(anonymous namespace)::OpaqueType<2u>, unsigned int, 128, 1>, at::native::(anonymous namespace)::TensorSizeStride<unsigned int, 4u>, int, unsigned int)",12896100883654,12896100886380,35,289,148457.0,50510.0,4.0,6.0,0.0,0.0,0.0,2173.0,2173.0,7.0,0.0,0.0,2.0,0.0,440.0,0.0,0.0,0.0,2.0,0.0
35,0,1,1638,1638,512,256,0,0,8,0,32,64,"void at::native::(anonymous namespace)::CatArrayBatchedCopy_contig<at::native::(anonymous namespace)::OpaqueType<2u>, unsigned int, 1, 128, 1>(at::native::(anonymous namespace)::OpaqueType<2u>*, at::native::(anonymous namespace)::CatArrInputTensorMetadata<at::native::(anonymous namespace)::OpaqueType<2u>, unsigned int, 128, 1>, at::native::(anonymous namespace)::TensorSizeStride<unsigned int, 4u>, int, unsigned int)",12896101285567,12896101288093,36,289,152080.0,56201.0,4.0,6.0,0.0,0.0,0.0,2311.0,2311.0,6.0,0.0,0.0,2.0,0.0,645.0,0.0,0.0,0.0,2.0,0.0
36,0,1,1638,1638,512,256,0,0,8,0,32,64,"void at::native::(anonymous namespace)::CatArrayBatchedCopy_contig<at::native::(anonymous namespace)::OpaqueType<2u>, unsigned int, 1, 128, 1>(at::native::(anonymous namespace)::OpaqueType<2u>*, at::native::(anonymous namespace)::CatArrInputTensorMetadata<at::native::(anonymous namespace)::OpaqueType<2u>, unsigned int, 128, 1>, at::native::(anonymous namespace)::TensorSizeStride<unsigned int, 4u>, int, unsigned int)",12896101656971,12896101659256,37,289,153142.0,56540.0,4.0,6.0,0.0,0.0,0.0,2133.0,2133.0,6.0,0.0,0.0,2.0,0.0,630.0,0.0,0.0,0.0,2.0,0.0
37,0,1,1638,1638,512,256,0,0,8,0,32,64,"void at::native::(anonymous namespace)::CatArrayBatchedCopy_contig<at::native::(anonymous namespace)::OpaqueType<2u>, unsigned int, 1, 128, 1>(at::native::(anonymous namespace)::OpaqueType<2u>*, at::native::(anonymous namespace)::CatArrInputTensorMetadata<at::native::(anonymous namespace)::OpaqueType<2u>, unsigned int, 128, 1>, at::native::(anonymous namespace)::TensorSizeStride<unsigned int, 4u>, int, unsigned int)",12896102023243,12896102025448,38,289,151851.0,55843.0,4.0,6.0,0.0,0.0,0.0,2284.0,2284.0,5.0,0.0,0.0,2.0,0.0,500.0,0.0,0.0,0.0,2.0,0.0
38,0,1,1638,1638,1536,256,0,0,8,0,32,64,"void at::native::(anonymous namespace)::CatArrayBatchedCopy_contig<at::native::(anonymous namespace)::OpaqueType<2u>, unsigned int, 1, 128, 1>(at::native::(anonymous namespace)::OpaqueType<2u>*, at::native::(anonymous namespace)::CatArrInputTensorMetadata<at::native::(anonymous namespace)::OpaqueType<2u>, unsigned int, 128, 1>, at::native::(anonymous namespace)::TensorSizeStride<unsigned int, 4u>, int, unsigned int)",12896102390036,12896102392642,39,289,156613.0,63199.0,12.0,18.0,0.0,0.0,0.0,7071.0,7071.0,14.0,0.0,0.0,6.0,0.0,2235.0,0.0,0.0,0.0,7.0,0.0
39,0,1,1638,1638,256,256,0,0,24,0,32,64,"void at::native::vectorized_elementwise_kernel<8, at::native::AbsFunctor<c10::Half>, std::array<char*, 2ul> >(int, at::native::AbsFunctor<c10::Half>, std::array<char*, 2ul>)",12896102754705,12896102757952,40,441,173767.0,62520.0,0.0,6.0,0.0,0.0,0.0,1040.0,1040.0,4.0,0.0,0.0,1.0,0.0,949.0,0.0,0.0,0.0,2.0,0.0
40,0,1,1638,1638,256,256,0,0,24,0,32,64,"void at::native::vectorized_elementwise_kernel<8, at::native::AUnaryFunctor<c10::Half, c10::Half, bool, at::native::(anonymous namespace)::CompareEqFunctor<c10::Half> >, std::array<char*, 2ul> >(int, at::native::AUnaryFunctor<c10::Half, c10::Half, bool, at::native::(anonymous namespace)::CompareEqFunctor<c10::Half> >, std::array<char*, 2ul>)",12896103124986,12896103128915,41,592,183709.0,66785.0,0.0,13.0,0.0,0.0,0.0,990.0,990.0,4.0,0.0,0.0,1.0,0.0,420.0,0.0,0.0,0.0,1.0,0.0
41,0,1,1638,1638,256,256,0,0,40,0,32,64,"void at::native::vectorized_elementwise_kernel<8, at::native::BinaryFunctor<c10::Half, c10::Half, bool, at::native::(anonymous namespace)::CompareEqFunctor<c10::Half> >, std::array<char*, 3ul> >(int, at::native::BinaryFunctor<c10::Half, c10::Half, bool, at::native::(anonymous namespace)::CompareEqFunctor<c10::Half> >, std::array<char*, 3ul>)",12896103493022,12896103495789,42,687,175480.0,66127.0,0.0,9.0,0.0,0.0,0.0,1600.0,1600.0,5.0,0.0,0.0,1.0,0.0,316.0,0.0,0.0,0.0,1.0,0.0
42,0,1,1638,1638,256,256,0,0,36,4,80,64,"void at::native::vectorized_elementwise_kernel<16, at::native::BinaryFunctor<bool, bool, bool, at::native::binary_internal::MulFunctor<bool> >, std::array<char*, 3ul> >(int, at::native::BinaryFunctor<bool, bool, bool, at::native::binary_internal::MulFunctor<bool> >, std::array<char*, 3ul>)",12896103857370,12896103861259,43,935,180564.0,64497.0,0.0,10.0,0.0,0.0,0.0,1668.0,1668.0,4.0,0.0,0.0,2.0,0.0,282.0,0.0,0.0,0.0,1.0,0.0
43,0,1,1638,1638,256,256,0,0,24,0,32,64,"void at::native::vectorized_elementwise_kernel<8, at::native::AUnaryFunctor<c10::Half, c10::Half, bool, at::native::(anonymous namespace)::CompareEqFunctor<c10::Half> >, std::array<char*, 2ul> >(int, at::native::AUnaryFunctor<c10::Half, c10::Half, bool, at::native::(anonymous namespace)::CompareEqFunctor<c10::Half> >, std::array<char*, 2ul>)",12896104227451,12896104230779,44,592,176174.0,66672.0,0.0,13.0,0.0,0.0,0.0,992.0,992.0,5.0,0.0,0.0,1.0,0.0,404.0,0.0,0.0,0.0,1.0,0.0
44,0,1,1638,1638,256,256,0,0,36,4,80,64,"void at::native::vectorized_elementwise_kernel<16, at::native::BinaryFunctor<bool, bool, bool, at::native::BitwiseAndFunctor<bool> >, std::array<char*, 3ul> >(int, at::native::BinaryFunctor<bool, bool, bool, at::native::BitwiseAndFunctor<bool> >, std::array<char*, 3ul>)",12896104592641,12896104595888,45,1105,171263.0,65217.0,0.0,16.0,0.0,0.0,0.0,1782.0,1782.0,4.0,0.0,0.0,2.0,0.0,412.0,0.0,0.0,0.0,1.0,0.0
45,0,1,1638,1638,256,256,512,0,8,0,32,64,"void rocprim::ROCPRIM_400001_NS::detail::block_reduce_kernel<true, false, 16u, rocprim::ROCPRIM_400001_NS::detail::wrapped_reduce_config<rocprim::ROCPRIM_400001_NS::default_config, int>, int, hipcub::HIPCUB_400000_NS::TransformInputIterator<bool, at::native::(anonymous namespace)::NonZeroOp<bool>, bool const*, long>, int*, int, hipcub::HIPCUB_400000_NS::detail::convert_binary_result_type_wrapper<hipcub::HIPCUB_400000_NS::Sum, hipcub::HIPCUB_400000_NS::TransformInputIterator<bool, at::native::(anonymous namespace)::NonZeroOp<bool>, bool const*, long>, int> >(hipcub::HIPCUB_400000_NS::TransformInputIterator<bool, at::native::(anonymous namespace)::NonZeroOp<bool>, bool const*, long>, unsigned long, int*, int, hipcub::HIPCUB_400000_NS::detail::convert_binary_result_type_wrapper<hipcub::HIPCUB_400000_NS::Sum, hipcub::HIPCUB_400000_NS::TransformInputIterator<bool, at::native::(anonymous namespace)::NonZeroOp<bool>, bool const*, long>, int>)",12896104959274,12896104961599,46,1426,147313.0,55516.0,1.0,3.0,0.0,0.0,0.0,959.0,959.0,5.0,0.0,0.0,1.0,0.0,281.0,0.0,0.0,0.0,1.0,0.0
46,0,1,1638,1638,512,512,0,0,16,0,32,64,__amd_rocclr_copyBuffer,12896105311354,12896105315804,47,23,279197.0,105275.0,0.0,7.0,0.0,0.0,0.0,9626.0,9626.0,12.0,0.0,0.0,1.0,0.0,3299.0,0.0,0.0,4.0,4.0,0.0
47,0,1,1638,1638,256,256,0,0,12,4,48,64,__amd_rocclr_fillBufferAligned,12896105658102,12896105659866,48,26,150919.0,55491.0,0.0,3.0,0.0,0.0,0.0,1195.0,1195.0,2.0,0.0,0.0,1.0,0.0,405.0,0.0,0.0,0.0,1.0,0.0
48,0,1,1638,1638,256,256,0,0,12,4,48,64,__amd_rocclr_fillBufferAligned,12896106019803,12896106021407,49,26,147806.0,54421.0,0.0,3.0,0.0,0.0,0.0,1188.0,1188.0,4.0,0.0,0.0,1.0,0.0,243.0,0.0,0.0,0.0,1.0,0.0
49,0,1,1638,1638,256,256,0,0,8,0,16,64,"void rocprim::ROCPRIM_400001_NS::detail::init_lookback_scan_state_kernel<rocprim::ROCPRIM_400001_NS::detail::lookback_scan_state<unsigned int, false, true> const>(rocprim::ROCPRIM_400001_NS::detail::lookback_scan_state<unsigned int, false, true> const, unsigned int, unsigned int, rocprim::ROCPRIM_400001_NS::detail::lookback_scan_state<unsigned int, false, true> const::value_type*)",12896110347406,12896110349370,50,1681,162163.0,59209.0,0.0,3.0,0.0,0.0,0.0,705.0,705.0,2.0,0.0,0.0,0.0,0.0,2447.0,0.0,0.0,0.0,9.0,0.0
50,0,1,1638,1638,512,512,29184,0,52,52,112,64,"void rocprim::ROCPRIM_400001_NS::detail::partition_kernel<(rocprim::ROCPRIM_400001_NS::detail::select_method)0, true, rocprim::ROCPRIM_400001_NS::detail::wrapped_partition_config<rocprim::ROCPRIM_400001_NS::default_config, (rocprim::ROCPRIM_400001_NS::detail::partition_subalgo)5, long, rocprim::ROCPRIM_400001_NS::empty_type>, hipcub::HIPCUB_400000_NS::CountingInputIterator<long, long>, rocprim::ROCPRIM_400001_NS::empty_type*, hipcub::HIPCUB_400000_NS::TransformInputIterator<bool, at::native::(anonymous namespace)::NonZeroOp<bool>, bool const*, long>, rocprim::ROCPRIM_400001_NS::tuple<long*, rocprim::ROCPRIM_400001_NS::empty_type>, rocprim::ROCPRIM_400001_NS::tuple<rocprim::ROCPRIM_400001_NS::empty_type*, rocprim::ROCPRIM_400001_NS::empty_type*>, rocprim::ROCPRIM_400001_NS::empty_type, rocprim::ROCPRIM_400001_NS::detail::lookback_scan_state<unsigned int, false, true>, rocprim::ROCPRIM_400001_NS::detail::block_id_wrapper<unsigned int, false>, rocprim::ROCPRIM_400001_NS::empty_type>(hipcub::HIPCUB_400000_NS::CountingInputIterator<long, long>, rocprim::ROCPRIM_400001_NS::empty_type*, hipcub::HIPCUB_400000_NS::TransformInputIterator<bool, at::native::(anonymous namespace)::NonZeroOp<bool>, bool const*, long>, rocprim::ROCPRIM_400001_NS::tuple<long*, rocprim::ROCPRIM_400001_NS::empty_type>, rocprim::ROCPRIM_400001_NS::tuple<rocprim::ROCPRIM_400001_NS::empty_type*, rocprim::ROCPRIM_400001_NS::empty_type*>, unsigned long*, unsigned long*, unsigned long, unsigned long, rocprim::ROCPRIM_400001_NS::empty_type, rocprim::ROCPRIM_400001_NS::detail::lookback_scan_state<unsigned int, false, true>, unsigned int, rocprim::ROCPRIM_400001_NS::detail::vsmem_t, rocprim::ROCPRIM_400001_NS::detail::block_id_wrapper<unsigned int, false>, rocprim::ROCPRIM_400001_NS::empty_type)",12896110715402,12896110719972,51,1644,197179.0,67372.0,16.0,21.0,0.0,0.0,0.0,3860.0,3860.0,959.0,0.0,0.0,1.0,0.0,2088.0,0.0,0.0,0.0,34.0,0.0
51,0,1,1638,1638,256,256,0,0,8,0,32,64,"void rocprim::ROCPRIM_400001_NS::detail::transform_kernel<true, rocprim::ROCPRIM_400001_NS::detail::wrapped_transform_config<rocprim::ROCPRIM_400001_NS::default_config, unsigned long, true>, unsigned long, unsigned long*, int*, rocprim::ROCPRIM_400001_NS::identity<void> >(unsigned long*, unsigned long, int*, rocprim::ROCPRIM_400001_NS::identity<void>)",12896111087688,12896111089572,52,1528,137058.0,45742.0,0.0,3.0,0.0,0.0,0.0,927.0,927.0,2.0,0.0,0.0,1.0,0.0,474.0,0.0,0.0,0.0,1.0,0.0
52,0,1,1638,1638,128,128,0,0,16,0,80,64,"void at::native::index_elementwise_kernel<128, 4, at::native::gpu_index_kernel<at::native::index_kernel_impl<at::native::OpaqueType<2> >(at::TensorIteratorBase&, c10::ArrayRef<long>, c10::ArrayRef<long>)::{lambda(char*, char const*, long)#1}>(at::TensorIteratorBase&, c10::ArrayRef<long>, c10::ArrayRef<long>, at::native::index_kernel_impl<at::native::OpaqueType<2> >(at::TensorIteratorBase&, c10::ArrayRef<long>, c10::ArrayRef<long>)::{lambda(char*, char const*, long)#1} const&, bool)::{lambda(int)#1}>(long, at::native::gpu_index_kernel<at::native::index_kernel_impl<at::native::OpaqueType<2> >(at::TensorIteratorBase&, c10::ArrayRef<long>, c10::ArrayRef<long>)::{lambda(char*, char const*, long)#1}>(at::TensorIteratorBase&, c10::ArrayRef<long>, c10::ArrayRef<long>, at::native::index_kernel_impl<at::native::OpaqueType<2> >(at::TensorIteratorBase&, c10::ArrayRef<long>, c10::ArrayRef<long>)::{lambda(char*, char const*, long)#1} const&, bool)::{lambda(int)#1})",12896144266092,12896144269339,53,1749,167308.0,61111.0,3.0,3.0,0.0,0.0,0.0,1545.0,1545.0,6.0,0.0,0.0,4.0,0.0,754.0,0.0,0.0,0.0,2.0,0.0
53,0,1,1638,1638,256,256,0,0,24,0,32,64,"void at::native::vectorized_elementwise_kernel<8, at::native::AbsFunctor<c10::Half>, std::array<char*, 2ul> >(int, at::native::AbsFunctor<c10::Half>, std::array<char*, 2ul>)",12896144636814,12896144639260,54,441,158166.0,59477.0,0.0,6.0,0.0,0.0,0.0,1134.0,1134.0,5.0,0.0,0.0,1.0,0.0,834.0,0.0,0.0,0.0,2.0,0.0
54,0,1,1638,1638,128,128,0,0,20,4,64,64,"void at::native::elementwise_kernel_manual_unroll<128, 4, at::native::gpu_kernel_impl<at::native::direct_copy_kernel_cuda(at::TensorIteratorBase&)::{lambda()#3}::operator()() const::{lambda()#6}::operator()() const::{lambda(double)#1}>(at::TensorIteratorBase&, at::native::direct_copy_kernel_cuda(at::TensorIteratorBase&)::{lambda()#3}::operator()() const::{lambda()#6}::operator()() const::{lambda(double)#1} const&)::{lambda(int, bool)#1}>(int, at::native::gpu_kernel_impl<at::native::direct_copy_kernel_cuda(at::TensorIteratorBase&)::{lambda()#3}::operator()() const::{lambda()#6}::operator()() const::{lambda(double)#1}>(at::TensorIteratorBase&, at::native::direct_copy_kernel_cuda(at::TensorIteratorBase&)::{lambda()#3}::operator()() const::{lambda()#6}::operator()() const::{lambda(double)#1} const&)::{lambda(int, bool)#1})",12896181156685,12896181160093,55,1944,189936.0,69881.0,0.0,1.0,0.0,0.0,0.0,3010.0,3010.0,9.0,0.0,0.0,1.0,0.0,1356.0,0.0,0.0,0.0,5.0,0.0
55,0,1,1638,1638,32,32,512,0,32,0,80,64,"void at::native::reduce_kernel<512, 1, at::native::ReduceOp<double, at::native::func_wrapper_t<double, at::native::MinNanFunctor<double> >, unsigned int, double, 4, 4> >(at::native::ReduceOp<double, at::native::func_wrapper_t<double, at::native::MinNanFunctor<double> >, unsigned int, double, 4, 4>)",12896191265798,12896191270248,56,2271,201908.0,68359.0,8.0,2.0,0.0,0.0,0.0,1430.0,1430.0,4.0,0.0,0.0,3.0,0.0,416.0,0.0,0.0,0.0,1.0,0.0
56,0,1,1638,1638,32,32,512,0,32,0,80,64,"void at::native::reduce_kernel<512, 1, at::native::ReduceOp<double, at::native::func_wrapper_t<double, at::native::MaxNanFunctor<double> >, unsigned int, double, 4, 4> >(at::native::ReduceOp<double, at::native::func_wrapper_t<double, at::native::MaxNanFunctor<double> >, unsigned int, double, 4, 4>)",12896201549860,12896201554390,57,2338,199157.0,68772.0,8.0,1.0,0.0,0.0,0.0,1873.0,1873.0,4.0,0.0,0.0,3.0,0.0,405.0,0.0,0.0,0.0,1.0,0.0
57,0,1,1638,1638,256,256,0,0,24,0,32,64,"void at::native::vectorized_elementwise_kernel<8, at::native::ceil_kernel_cuda(at::TensorIteratorBase&)::{lambda()#1}::operator()() const::{lambda()#3}::operator()() const::{lambda(c10::Half)#1}, std::array<char*, 2ul> >(int, at::native::ceil_kernel_cuda(at::TensorIteratorBase&)::{lambda()#1}::operator()() const::{lambda()#3}::operator()() const::{lambda(c10::Half)#1}, std::array<char*, 2ul>)",12896231671575,12896231673740,58,2507,162022.0,60019.0,0.0,3.0,0.0,0.0,0.0,919.0,919.0,4.0,0.0,0.0,1.0,0.0,440.0,0.0,0.0,0.0,1.0,0.0
58,0,1,1638,1638,256,256,0,0,40,0,32,64,"void at::native::vectorized_elementwise_kernel<8, at::native::BinaryFunctor<c10::Half, c10::Half, bool, at::native::(anonymous namespace)::CompareEqFunctor<c10::Half> >, std::array<char*, 3ul> >(int, at::native::BinaryFunctor<c10::Half, c10::Half, bool, at::native::(anonymous namespace)::CompareEqFunctor<c10::Half> >, std::array<char*, 3ul>)",12896232049995,12896232052560,59,687,160209.0,59714.0,0.0,10.0,0.0,0.0,0.0,1530.0,1530.0,5.0,0.0,0.0,2.0,0.0,408.0,0.0,0.0,0.0,1.0,0.0
59,0,1,1638,1638,512,512,0,0,16,0,32,64,__amd_rocclr_copyBuffer,12896232414903,12896232417870,60,23,267896.0,109895.0,0.0,7.0,0.0,0.0,0.0,2784.0,2784.0,22.0,0.0,0.0,1.0,0.0,812.0,0.0,0.0,1.0,1.0,0.0
60,0,1,1638,1638,256,256,0,0,76,4,32,64,"void at::native::vectorized_elementwise_kernel<4, at::native::BinaryFunctor<double, double, double, at::native::binary_internal::DivFunctor<double> >, std::array<char*, 3ul> >(int, at::native::BinaryFunctor<double, double, double, at::native::binary_internal::DivFunctor<double> >, std::array<char*, 3ul>)",12896260733714,12896260736280,61,2703,169168.0,62868.0,0.0,9.0,0.0,0.0,0.0,1657.0,1657.0,4.0,0.0,0.0,2.0,0.0,444.0,0.0,0.0,0.0,1.0,0.0
61,0,1,1638,1638,256,256,0,0,40,0,64,64,"void at::native::vectorized_elementwise_kernel<4, at::native::compare_scalar_kernel<double>(at::TensorIteratorBase&, at::native::(anonymous namespace)::OpType, double)::{lambda(double)#1}, std::array<char*, 2ul> >(int, at::native::compare_scalar_kernel<double>(at::TensorIteratorBase&, at::native::(anonymous namespace)::OpType, double)::{lambda(double)#1}, std::array<char*, 2ul>)",12896279238173,12896279241581,62,2946,172662.0,62798.0,0.0,16.0,0.0,0.0,0.0,1089.0,1089.0,4.0,0.0,0.0,1.0,0.0,411.0,0.0,0.0,0.0,1.0,0.0
62,0,1,1638,1638,512,512,0,0,16,0,32,64,__amd_rocclr_copyBuffer,12896279607452,12896279610018,63,23,237854.0,94969.0,0.0,7.0,0.0,0.0,0.0,1876.0,1876.0,5.0,0.0,0.0,1.0,0.0,809.0,0.0,0.0,1.0,1.0,0.0
63,0,1,1638,1638,256,256,0,0,40,0,64,64,"void at::native::vectorized_elementwise_kernel<4, at::native::compare_scalar_kernel<double>(at::TensorIteratorBase&, at::native::(anonymous namespace)::OpType, double)::{lambda(double)#1}, std::array<char*, 2ul> >(int, at::native::compare_scalar_kernel<double>(at::TensorIteratorBase&, at::native::(anonymous namespace)::OpType, double)::{lambda(double)#1}, std::array<char*, 2ul>)",12896279976049,12896279979456,64,2946,162983.0,58934.0,0.0,15.0,0.0,0.0,0.0,938.0,938.0,4.0,0.0,0.0,1.0,0.0,440.0,0.0,0.0,0.0,1.0,0.0
64,0,1,1638,1638,512,512,0,0,16,0,32,64,__amd_rocclr_copyBuffer,12896280342320,12896280344886,65,23,238338.0,93480.0,0.0,7.0,0.0,0.0,0.0,1967.0,1967.0,23.0,0.0,0.0,1.0,0.0,808.0,0.0,0.0,1.0,1.0,0.0
65,0,1,1638,1638,256,256,0,0,40,0,64,64,"void at::native::vectorized_elementwise_kernel<4, at::native::compare_scalar_kernel<double>(at::TensorIteratorBase&, at::native::(anonymous namespace)::OpType, double)::{lambda(double)#1}, std::array<char*, 2ul> >(int, at::native::compare_scalar_kernel<double>(at::TensorIteratorBase&, at::native::(anonymous namespace)::OpType, double)::{lambda(double)#1}, std::array<char*, 2ul>)",12896280716650,12896280720058,66,2946,171990.0,58628.0,0.0,13.0,0.0,0.0,0.0,936.0,936.0,4.0,0.0,0.0,1.0,0.0,439.0,0.0,0.0,0.0,1.0,0.0
66,0,1,1638,1638,512,512,0,0,16,0,32,64,__amd_rocclr_copyBuffer,12896281082280,12896281084846,67,23,227154.0,91893.0,0.0,7.0,0.0,0.0,0.0,1908.0,1908.0,21.0,0.0,0.0,1.0,0.0,810.0,0.0,0.0,1.0,1.0,0.0
67,0,1,1638,1638,512,512,0,0,16,0,32,64,__amd_rocclr_copyBuffer,12896281455728,12896281459136,68,23,251099.0,97395.0,0.0,7.0,0.0,0.0,0.0,5768.0,5768.0,26.0,0.0,0.0,1.0,0.0,1645.0,0.0,0.0,2.0,2.0,0.0
68,0,1,1638,1638,1024,1024,0,0,16,0,32,64,__amd_rocclr_copyBuffer,12896281821478,12896281824525,69,23,245950.0,96741.0,0.0,15.0,0.0,0.0,0.0,4107.0,4107.0,104.0,0.0,0.0,1.0,0.0,1649.0,0.0,0.0,2.0,2.0,0.0
69,0,1,1638,1638,1024,1024,0,0,16,0,32,64,__amd_rocclr_copyBuffer,12896282189353,12896282192280,70,23,238328.0,93611.0,0.0,15.0,0.0,0.0,0.0,4005.0,4005.0,126.0,0.0,0.0,1.0,0.0,1637.0,0.0,0.0,2.0,2.0,0.0
70,0,1,1638,1638,1024,1024,0,0,16,0,32,64,__amd_rocclr_copyBuffer,12896282555825,12896282558792,71,23,248226.0,97395.0,0.0,15.0,0.0,0.0,0.0,4013.0,4013.0,89.0,0.0,0.0,1.0,0.0,1649.0,0.0,0.0,2.0,2.0,0.0
71,0,1,1638,1638,1024,1024,0,0,16,0,32,64,__amd_rocclr_copyBuffer,12896282923340,12896282926387,72,23,246353.0,96829.0,0.0,15.0,0.0,0.0,0.0,4135.0,4135.0,114.0,0.0,0.0,1.0,0.0,1648.0,0.0,0.0,2.0,2.0,0.0
72,0,1,1638,1638,1024,1024,0,0,16,0,32,64,__amd_rocclr_copyBuffer,12896283295946,12896283298912,73,23,253050.0,96592.0,0.0,15.0,0.0,0.0,0.0,4107.0,4107.0,114.0,0.0,0.0,1.0,0.0,1639.0,0.0,0.0,2.0,2.0,0.0
73,0,1,1638,1638,1024,1024,0,0,16,0,32,64,__amd_rocclr_copyBuffer,12896283669193,12896283672240,74,23,259705.0,99559.0,0.0,15.0,0.0,0.0,0.0,4035.0,4035.0,89.0,0.0,0.0,1.0,0.0,1646.0,0.0,0.0,2.0,2.0,0.0
74,0,1,1638,1638,1024,1024,0,0,16,0,32,64,__amd_rocclr_copyBuffer,12896284038672,12896284041719,75,23,244073.0,98394.0,0.0,15.0,0.0,0.0,0.0,4017.0,4017.0,99.0,0.0,0.0,1.0,0.0,1641.0,0.0,0.0,2.0,2.0,0.0
75,0,1,1638,1638,512,512,0,0,16,0,32,64,__amd_rocclr_copyBuffer,12896284406587,12896284409634,76,23,243573.0,96205.0,0.0,7.0,0.0,0.0,0.0,4148.0,4148.0,23.0,0.0,0.0,1.0,0.0,1643.0,0.0,0.0,2.0,2.0,0.0
76,0,1,1638,1638,1024,1024,0,0,16,0,32,64,__amd_rocclr_copyBuffer,12896284773380,12896284776387,77,23,253501.0,98827.0,0.0,15.0,0.0,0.0,0.0,4141.0,4141.0,99.0,0.0,0.0,1.0,0.0,1645.0,0.0,0.0,2.0,2.0,0.0
77,0,1,1638,1638,1024,1024,0,0,16,0,32,64,__amd_rocclr_copyBuffer,12896285141856,12896285144783,78,23,235130.0,92201.0,0.0,15.0,0.0,0.0,0.0,4050.0,4050.0,97.0,0.0,0.0,1.0,0.0,1640.0,0.0,0.0,2.0,2.0,0.0
78,0,1,1638,1638,1024,1024,0,0,16,0,32,64,__amd_rocclr_copyBuffer,12896285507446,12896285510413,79,23,244154.0,95618.0,0.0,15.0,0.0,0.0,0.0,4034.0,4034.0,115.0,0.0,0.0,1.0,0.0,1640.0,0.0,0.0,2.0,2.0,0.0
79,0,1,1638,1638,1024,1024,0,0,16,0,32,64,__amd_rocclr_copyBuffer,12896285874800,12896285877767,80,23,243719.0,95327.0,0.0,15.0,0.0,0.0,0.0,3982.0,3982.0,106.0,0.0,0.0,1.0,0.0,1640.0,0.0,0.0,2.0,2.0,0.0
80,0,1,1638,1638,1024,1024,0,0,16,0,32,64,__amd_rocclr_copyBuffer,12896286243077,12896286246043,81,23,238112.0,95474.0,0.0,15.0,0.0,0.0,0.0,4148.0,4148.0,108.0,0.0,0.0,1.0,0.0,1637.0,0.0,0.0,2.0,2.0,0.0
81,0,1,1638,1638,1024,1024,0,0,16,0,32,64,__amd_rocclr_copyBuffer,12896286609949,12896286612916,82,23,246030.0,97438.0,0.0,15.0,0.0,0.0,0.0,3855.0,3855.0,130.0,0.0,0.0,1.0,0.0,1641.0,0.0,0.0,2.0,2.0,0.0
82,0,1,1638,1638,1024,1024,0,0,16,0,32,64,__amd_rocclr_copyBuffer,12896286977664,12896286980591,83,23,245729.0,95319.0,0.0,15.0,0.0,0.0,0.0,3856.0,3856.0,105.0,0.0,0.0,1.0,0.0,1641.0,0.0,0.0,2.0,2.0,0.0
83,0,1,1638,1638,512,512,0,0,16,0,32,64,__amd_rocclr_copyBuffer,12896287344337,12896287347263,84,23,245968.0,97730.0,0.0,7.0,0.0,0.0,0.0,4006.0,4006.0,10.0,0.0,0.0,1.0,0.0,1642.0,0.0,0.0,2.0,2.0,0.0
84,0,1,1638,1638,1024,1024,0,0,16,0,32,64,__amd_rocclr_copyBuffer,12896287714297,12896287717263,85,23,249129.0,96929.0,0.0,17.0,0.0,0.0,0.0,3973.0,3973.0,73.0,0.0,0.0,1.0,0.0,1646.0,0.0,0.0,2.0,2.0,0.0
85,0,1,1638,1638,1024,1024,0,0,16,0,32,64,__amd_rocclr_copyBuffer,12896288080648,12896288083615,86,23,243546.0,95474.0,0.0,17.0,0.0,0.0,0.0,3871.0,3871.0,57.0,0.0,0.0,1.0,0.0,1640.0,0.0,0.0,2.0,2.0,0.0
86,0,1,1638,1638,1024,1024,0,0,16,0,32,64,__amd_rocclr_copyBuffer,12896288447321,12896288450849,87,23,255738.0,105008.0,0.0,15.0,0.0,0.0,0.0,3889.0,3889.0,103.0,0.0,0.0,1.0,0.0,1646.0,0.0,0.0,2.0,2.0,0.0
87,0,1,1638,1638,1024,1024,0,0,16,0,32,64,__amd_rocclr_copyBuffer,12896288815998,12896288819045,88,23,247535.0,96541.0,0.0,15.0,0.0,0.0,0.0,4023.0,4023.0,136.0,0.0,0.0,1.0,0.0,1640.0,0.0,0.0,2.0,2.0,0.0
88,0,1,1638,1638,1024,1024,0,0,16,0,32,64,__amd_rocclr_copyBuffer,12896289181067,12896289184033,89,23,240388.0,95103.0,0.0,15.0,0.0,0.0,0.0,3989.0,3989.0,98.0,0.0,0.0,1.0,0.0,1639.0,0.0,0.0,2.0,2.0,0.0
89,0,1,1638,1638,1024,1024,0,0,16,0,32,64,__amd_rocclr_copyBuffer,12896289548862,12896289551828,90,23,237514.0,94375.0,0.0,15.0,0.0,0.0,0.0,3879.0,3879.0,99.0,0.0,0.0,1.0,0.0,1636.0,0.0,0.0,2.0,2.0,0.0
90,0,1,1638,1638,1024,1024,0,0,16,0,32,64,__amd_rocclr_copyBuffer,12896289917017,12896289919944,91,23,241934.0,94159.0,0.0,15.0,0.0,0.0,0.0,3897.0,3897.0,129.0,0.0,0.0,1.0,0.0,1641.0,0.0,0.0,2.0,2.0,0.0
91,0,1,1638,1638,512,512,0,0,16,0,32,64,__amd_rocclr_copyBuffer,12896290285133,12896290287980,92,23,236633.0,95663.0,0.0,7.0,0.0,0.0,0.0,4050.0,4050.0,12.0,0.0,0.0,1.0,0.0,1645.0,0.0,0.0,2.0,2.0,0.0
92,0,1,1638,1638,1024,1024,0,0,16,0,32,64,__amd_rocclr_copyBuffer,12896290652848,12896290655775,93,23,239203.0,94380.0,0.0,15.0,0.0,0.0,0.0,4014.0,4014.0,107.0,0.0,0.0,1.0,0.0,1643.0,0.0,0.0,2.0,2.0,0.0
93,0,1,1638,1638,1024,1024,0,0,16,0,32,64,__amd_rocclr_copyBuffer,12896291023730,12896291026657,94,23,243183.0,97168.0,0.0,15.0,0.0,0.0,0.0,3919.0,3919.0,118.0,0.0,0.0,1.0,0.0,1638.0,0.0,0.0,2.0,2.0,0.0
94,0,1,1638,1638,1024,1024,0,0,16,0,32,64,__amd_rocclr_copyBuffer,12896291391846,12896291394772,95,23,249331.0,97877.0,0.0,15.0,0.0,0.0,0.0,3920.0,3920.0,111.0,0.0,0.0,1.0,0.0,1640.0,0.0,0.0,2.0,2.0,0.0
95,0,1,1638,1638,1024,1024,0,0,16,0,32,64,__amd_rocclr_copyBuffer,12896291760242,12896291763169,96,23,252700.0,100726.0,0.0,15.0,0.0,0.0,0.0,4050.0,4050.0,108.0,0.0,0.0,1.0,0.0,1639.0,0.0,0.0,2.0,2.0,0.0
96,0,1,1638,1638,1024,1024,0,0,16,0,32,64,__amd_rocclr_copyBuffer,12896292130443,12896292133369,97,23,250830.0,96927.0,0.0,15.0,0.0,0.0,0.0,3950.0,3950.0,122.0,0.0,0.0,1.0,0.0,1637.0,0.0,0.0,2.0,2.0,0.0
97,0,1,1638,1638,1024,1024,0,0,16,0,32,64,__amd_rocclr_copyBuffer,12896292497957,12896292501004,98,23,246179.0,96500.0,0.0,15.0,0.0,0.0,0.0,3928.0,3928.0,84.0,0.0,0.0,1.0,0.0,1635.0,0.0,0.0,2.0,2.0,0.0
98,0,1,1638,1638,1024,1024,0,0,16,0,32,64,__amd_rocclr_copyBuffer,12896292865592,12896292868558,99,23,237288.0,93637.0,0.0,15.0,0.0,0.0,0.0,3937.0,3937.0,114.0,0.0,0.0,1.0,0.0,1640.0,0.0,0.0,2.0,2.0,0.0
99,0,1,1638,1638,512,512,0,0,16,0,32,64,__amd_rocclr_copyBuffer,12896293231863,12896293234830,100,23,248314.0,96888.0,0.0,7.0,0.0,0.0,0.0,3974.0,3974.0,14.0,0.0,0.0,1.0,0.0,1646.0,0.0,0.0,2.0,2.0,0.0
100,0,1,1638,1638,1024,1024,0,0,16,0,32,64,__amd_rocclr_copyBuffer,12896293598215,12896293601061,101,23,237903.0,95957.0,0.0,15.0,0.0,0.0,0.0,3965.0,3965.0,102.0,0.0,0.0,1.0,0.0,1643.0,0.0,0.0,2.0,2.0,0.0
101,0,1,1638,1638,1024,1024,0,0,16,0,32,64,__amd_rocclr_copyBuffer,12896293965088,12896293968014,102,23,241703.0,94805.0,0.0,15.0,0.0,0.0,0.0,3856.0,3856.0,99.0,0.0,0.0,1.0,0.0,1644.0,0.0,0.0,2.0,2.0,0.0
102,0,1,1638,1638,1024,1024,0,0,16,0,32,64,__amd_rocclr_copyBuffer,12896294333965,12896294336892,103,23,242300.0,95343.0,0.0,15.0,0.0,0.0,0.0,3856.0,3856.0,115.0,0.0,0.0,1.0,0.0,1639.0,0.0,0.0,2.0,2.0,0.0
103,0,1,1638,1638,512,512,0,0,16,0,32,64,__amd_rocclr_copyBuffer,12896294700157,12896294705168,104,23,275575.0,101688.0,0.0,7.0,0.0,0.0,0.0,12424.0,12424.0,22.0,0.0,0.0,1.0,0.0,5009.0,0.0,0.0,6.0,6.0,0.0
104,0,1,1638,1638,512,512,0,0,16,0,32,64,__amd_rocclr_copyBuffer,12896295070838,12896295073404,105,23,234659.0,94676.0,0.0,7.0,0.0,0.0,0.0,1872.0,1872.0,5.0,0.0,0.0,1.0,0.0,809.0,0.0,0.0,1.0,1.0,0.0
105,0,1,1638,1638,512,512,0,0,16,0,32,64,__amd_rocclr_copyBuffer,12896295438393,12896295440838,106,23,236231.0,95528.0,0.0,7.0,0.0,0.0,0.0,1794.0,1794.0,18.0,0.0,0.0,1.0,0.0,811.0,0.0,0.0,1.0,1.0,0.0
106,0,1,1638,1638,512,512,0,0,16,0,32,64,__amd_rocclr_copyBuffer,12896295806308,12896295808713,107,23,241338.0,96196.0,0.0,7.0,0.0,0.0,0.0,1687.0,1687.0,24.0,0.0,0.0,1.0,0.0,813.0,0.0,0.0,1.0,1.0,0.0
107,0,1,1638,1638,1024,1024,0,0,16,0,32,64,__amd_rocclr_copyBuffer,12896296174303,12896296177711,108,23,264170.0,100054.0,0.0,15.0,0.0,0.0,0.0,6059.0,6059.0,92.0,0.0,0.0,1.0,0.0,2486.0,0.0,0.0,3.0,3.0,0.0
108,0,1,1638,1638,512,512,0,0,16,0,32,64,__amd_rocclr_copyBuffer,12896296540735,12896296543221,109,23,232205.0,92910.0,0.0,7.0,0.0,0.0,0.0,1880.0,1880.0,16.0,0.0,0.0,1.0,0.0,813.0,0.0,0.0,1.0,1.0,0.0
109,0,1,1638,1638,512,512,0,0,16,0,32,64,__amd_rocclr_copyBuffer,12896296906606,12896296909092,110,23,238032.0,94440.0,0.0,7.0,0.0,0.0,0.0,1801.0,1801.0,14.0,0.0,0.0,1.0,0.0,810.0,0.0,0.0,1.0,1.0,0.0
110,0,1,1638,1638,512,512,0,0,16,0,32,64,__amd_rocclr_copyBuffer,12896297271194,12896297273639,111,23,233785.0,94397.0,0.0,7.0,0.0,0.0,0.0,1799.0,1799.0,13.0,0.0,0.0,1.0,0.0,809.0,0.0,0.0,1.0,1.0,0.0
111,0,1,1638,1638,512,512,0,0,16,0,32,64,__amd_rocclr_copyBuffer,12896297636503,12896297641554,112,23,279356.0,102706.0,0.0,7.0,0.0,0.0,0.0,12600.0,12600.0,17.0,0.0,0.0,1.0,0.0,5043.0,0.0,0.0,6.0,6.0,0.0
112,0,1,1638,1638,512,512,0,0,16,0,32,64,__amd_rocclr_copyBuffer,12896298007345,12896298009831,113,23,231350.0,93286.0,0.0,7.0,0.0,0.0,0.0,1883.0,1883.0,12.0,0.0,0.0,1.0,0.0,809.0,0.0,0.0,1.0,1.0,0.0
113,0,1,1638,1638,512,512,0,0,16,0,32,64,__amd_rocclr_copyBuffer,12896298374057,12896298379470,114,23,287049.0,121368.0,0.0,7.0,0.0,0.0,0.0,1866.0,1866.0,7.0,0.0,0.0,1.0,0.0,866.0,0.0,0.0,1.0,1.0,0.0
114,0,1,1638,1638,512,512,0,0,16,0,32,64,__amd_rocclr_copyBuffer,12896298742855,12896298745340,115,23,241441.0,95757.0,0.0,7.0,0.0,0.0,0.0,1816.0,1816.0,17.0,0.0,0.0,1.0,0.0,812.0,0.0,0.0,1.0,1.0,0.0
115,0,1,1638,1638,1024,1024,0,0,16,0,32,64,__amd_rocclr_copyBuffer,12896299109206,12896299112574,116,23,253940.0,97584.0,0.0,15.0,0.0,0.0,0.0,5810.0,5810.0,72.0,0.0,0.0,1.0,0.0,2524.0,0.0,0.0,3.0,3.0,0.0
116,0,1,1638,1638,512,512,0,0,16,0,32,64,__amd_rocclr_copyBuffer,12896299477042,12896299480088,117,23,253806.0,101511.0,0.0,7.0,0.0,0.0,0.0,1891.0,1891.0,5.0,0.0,0.0,1.0,0.0,811.0,0.0,0.0,1.0,1.0,0.0
117,0,1,1638,1638,512,512,0,0,16,0,32,64,__amd_rocclr_copyBuffer,12896299843874,12896299846360,118,23,237282.0,94606.0,0.0,7.0,0.0,0.0,0.0,1819.0,1819.0,18.0,0.0,0.0,1.0,0.0,810.0,0.0,0.0,1.0,1.0,0.0
118,0,1,1638,1638,512,512,0,0,16,0,32,64,__amd_rocclr_copyBuffer,12896300213514,12896300216079,119,23,229171.0,92411.0,0.0,10.0,0.0,0.0,0.0,1821.0,1821.0,7.0,0.0,0.0,1.0,0.0,811.0,0.0,0.0,1.0,1.0,0.0
119,0,1,1638,1638,512,512,0,0,16,0,32,64,__amd_rocclr_copyBuffer,12896300582431,12896300587442,120,23,284225.0,103269.0,0.0,9.0,0.0,0.0,0.0,12147.0,12147.0,4.0,0.0,0.0,1.0,0.0,4941.0,0.0,0.0,6.0,6.0,0.0
120,0,1,1638,1638,512,512,0,0,16,0,32,64,__amd_rocclr_copyBuffer,12896300951669,12896300954035,121,23,243947.0,96659.0,0.0,7.0,0.0,0.0,0.0,1823.0,1823.0,16.0,0.0,0.0,1.0,0.0,812.0,0.0,0.0,1.0,1.0,0.0
121,0,1,1638,1638,512,512,0,0,16,0,32,64,__amd_rocclr_copyBuffer,12896301318382,12896301320827,122,23,241561.0,95468.0,0.0,7.0,0.0,0.0,0.0,1748.0,1748.0,10.0,0.0,0.0,1.0,0.0,812.0,0.0,0.0,1.0,1.0,0.0
122,0,1,1638,1638,512,512,0,0,16,0,32,64,__amd_rocclr_copyBuffer,12896301685976,12896301688462,123,23,244556.0,94927.0,0.0,7.0,0.0,0.0,0.0,1752.0,1752.0,8.0,0.0,0.0,1.0,0.0,815.0,0.0,0.0,1.0,1.0,0.0
123,0,1,1638,1638,1024,1024,0,0,16,0,32,64,__amd_rocclr_copyBuffer,12896302052529,12896302055776,124,23,251116.0,98185.0,0.0,15.0,0.0,0.0,0.0,5728.0,5728.0,73.0,0.0,0.0,1.0,0.0,2484.0,0.0,0.0,3.0,3.0,0.0
124,0,1,1638,1638,512,512,0,0,16,0,32,64,__amd_rocclr_copyBuffer,12896302420324,12896302422809,125,23,237710.0,94201.0,0.0,7.0,0.0,0.0,0.0,1830.0,1830.0,10.0,0.0,0.0,1.0,0.0,811.0,0.0,0.0,1.0,1.0,0.0
125,0,1,1638,1638,512,512,0,0,16,0,32,64,__amd_rocclr_copyBuffer,12896302792849,12896302795335,126,23,240989.0,95651.0,0.0,7.0,0.0,0.0,0.0,1756.0,1756.0,13.0,0.0,0.0,1.0,0.0,811.0,0.0,0.0,1.0,1.0,0.0
126,0,1,1638,1638,512,512,0,0,16,0,32,64,__amd_rocclr_copyBuffer,12896303164734,12896303167179,127,23,238834.0,95248.0,0.0,7.0,0.0,0.0,0.0,1756.0,1756.0,17.0,0.0,0.0,1.0,0.0,812.0,0.0,0.0,1.0,1.0,0.0
127,0,1,1638,1638,512,512,0,0,16,0,32,64,__amd_rocclr_copyBuffer,12896303532809,12896303537740,128,23,267248.0,99981.0,0.0,7.0,0.0,0.0,0.0,12308.0,12308.0,22.0,0.0,0.0,1.0,0.0,4985.0,0.0,0.0,6.0,6.0,0.0
128,0,1,1638,1638,512,512,0,0,16,0,32,64,__amd_rocclr_copyBuffer,12896303901727,12896303904172,129,23,242812.0,96714.0,0.0,7.0,0.0,0.0,0.0,1835.0,1835.0,9.0,0.0,0.0,1.0,0.0,809.0,0.0,0.0,1.0,1.0,0.0
129,0,1,1638,1638,512,512,0,0,16,0,32,64,__amd_rocclr_copyBuffer,12896304269201,12896304271566,130,23,228097.0,92230.0,0.0,7.0,0.0,0.0,0.0,1763.0,1763.0,18.0,0.0,0.0,1.0,0.0,809.0,0.0,0.0,1.0,1.0,0.0
130,0,1,1638,1638,512,512,0,0,16,0,32,64,__amd_rocclr_copyBuffer,12896304635032,12896304638359,131,23,260406.0,108128.0,0.0,7.0,0.0,0.0,0.0,1759.0,1759.0,22.0,0.0,0.0,1.0,0.0,812.0,0.0,0.0,1.0,1.0,0.0
131,0,1,1638,1638,1024,1024,0,0,16,0,32,64,__amd_rocclr_copyBuffer,12896305004230,12896305007638,132,23,256641.0,97085.0,0.0,15.0,0.0,0.0,0.0,5912.0,5912.0,85.0,0.0,0.0,1.0,0.0,2522.0,0.0,0.0,3.0,3.0,0.0
132,0,1,1638,1638,512,512,0,0,16,0,32,64,__amd_rocclr_copyBuffer,12896305371423,12896305373789,133,23,235517.0,94393.0,0.0,7.0,0.0,0.0,0.0,1676.0,1676.0,16.0,0.0,0.0,1.0,0.0,812.0,0.0,0.0,1.0,1.0,0.0
133,0,1,1638,1638,512,512,0,0,16,0,32,64,__amd_rocclr_copyBuffer,12896305741143,12896305743548,134,23,241988.0,94695.0,0.0,7.0,0.0,0.0,0.0,1594.0,1594.0,22.0,0.0,0.0,1.0,0.0,812.0,0.0,0.0,1.0,1.0,0.0
134,0,1,1638,1638,512,512,0,0,16,0,32,64,__amd_rocclr_copyBuffer,12896306110181,12896306112626,135,23,237170.0,94904.0,0.0,7.0,0.0,0.0,0.0,1772.0,1772.0,8.0,0.0,0.0,1.0,0.0,815.0,0.0,0.0,1.0,1.0,0.0
135,0,1,1638,1638,512,512,0,0,16,0,32,64,__amd_rocclr_copyBuffer,12896306480942,12896306486074,136,23,283820.0,102175.0,0.0,7.0,0.0,0.0,0.0,12798.0,12798.0,16.0,0.0,0.0,1.0,0.0,4851.0,0.0,0.0,6.0,6.0,0.0
136,0,1,1638,1638,512,512,0,0,16,0,32,64,__amd_rocclr_copyBuffer,12896306848938,12896306851303,137,23,235296.0,94024.0,0.0,7.0,0.0,0.0,0.0,1754.0,1754.0,12.0,0.0,0.0,1.0,0.0,811.0,0.0,0.0,1.0,1.0,0.0
137,0,1,1638,1638,512,512,0,0,16,0,32,64,__amd_rocclr_copyBuffer,12896307215330,12896307217815,138,23,240826.0,95564.0,0.0,7.0,0.0,0.0,0.0,1781.0,1781.0,13.0,0.0,0.0,1.0,0.0,812.0,0.0,0.0,1.0,1.0,0.0
138,0,1,1638,1638,512,512,0,0,16,0,32,64,__amd_rocclr_copyBuffer,12896307581321,12896307583726,139,23,232615.0,93396.0,0.0,7.0,0.0,0.0,0.0,1776.0,1776.0,15.0,0.0,0.0,1.0,0.0,811.0,0.0,0.0,1.0,1.0,0.0
139,0,1,1638,1638,1024,1024,0,0,16,0,32,64,__amd_rocclr_copyBuffer,12896307949156,12896307952523,140,23,256119.0,99054.0,0.0,15.0,0.0,0.0,0.0,5731.0,5731.0,82.0,0.0,0.0,1.0,0.0,2431.0,0.0,0.0,3.0,3.0,0.0
140,0,1,1638,1638,512,512,0,0,16,0,32,64,__amd_rocclr_copyBuffer,12896308316830,12896308319276,141,23,237004.0,96204.0,0.0,7.0,0.0,0.0,0.0,1758.0,1758.0,6.0,0.0,0.0,1.0,0.0,813.0,0.0,0.0,1.0,1.0,0.0
141,0,1,1638,1638,512,512,0,0,16,0,32,64,__amd_rocclr_copyBuffer,12896308684305,12896308686750,142,23,247381.0,96651.0,0.0,7.0,0.0,0.0,0.0,1789.0,1789.0,18.0,0.0,0.0,1.0,0.0,813.0,0.0,0.0,1.0,1.0,0.0
142,0,1,1638,1638,512,512,0,0,16,0,32,64,__amd_rocclr_copyBuffer,12896309048973,12896309051338,143,23,236614.0,94050.0,0.0,7.0,0.0,0.0,0.0,1669.0,1669.0,22.0,0.0,0.0,1.0,0.0,808.0,0.0,0.0,1.0,1.0,0.0
143,0,1,1638,1638,512,512,0,0,16,0,32,64,__amd_rocclr_copyBuffer,12896309416327,12896309421458,144,23,301711.0,105754.0,0.0,7.0,0.0,0.0,0.0,12511.0,12511.0,4.0,0.0,0.0,1.0,0.0,4838.0,0.0,0.0,6.0,6.0,0.0
144,0,1,1638,1638,512,512,0,0,16,0,32,64,__amd_rocclr_copyBuffer,12896309791258,12896309793623,145,23,242512.0,95817.0,0.0,7.0,0.0,0.0,0.0,1766.0,1766.0,18.0,0.0,0.0,1.0,0.0,814.0,0.0,0.0,1.0,1.0,0.0
145,0,1,1638,1638,512,512,0,0,16,0,32,64,__amd_rocclr_copyBuffer,12896310157610,12896310160015,146,23,228220.0,91908.0,0.0,7.0,0.0,0.0,0.0,1691.0,1691.0,24.0,0.0,0.0,1.0,0.0,811.0,0.0,0.0,1.0,1.0,0.0
146,0,1,1638,1638,512,512,0,0,16,0,32,64,__amd_rocclr_copyBuffer,12896310525084,12896310527449,147,23,242594.0,95524.0,0.0,7.0,0.0,0.0,0.0,1679.0,1679.0,9.0,0.0,0.0,1.0,0.0,809.0,0.0,0.0,1.0,1.0,0.0
147,0,1,1638,1638,1024,1024,0,0,16,0,32,64,__amd_rocclr_copyBuffer,12896310890513,12896310893761,148,23,248124.0,98674.0,0.0,15.0,0.0,0.0,0.0,5727.0,5727.0,76.0,0.0,0.0,1.0,0.0,2444.0,0.0,0.0,3.0,3.0,0.0
148,0,1,1638,1638,512,512,0,0,16,0,32,64,__amd_rocclr_copyBuffer,12896311257787,12896311260153,149,23,238317.0,96227.0,0.0,7.0,0.0,0.0,0.0,1766.0,1766.0,12.0,0.0,0.0,1.0,0.0,808.0,0.0,0.0,1.0,1.0,0.0
149,0,1,1638,1638,512,512,0,0,16,0,32,64,__amd_rocclr_copyBuffer,12896311624861,12896311627226,150,23,238564.0,95282.0,0.0,7.0,0.0,0.0,0.0,1691.0,1691.0,11.0,0.0,0.0,1.0,0.0,811.0,0.0,0.0,1.0,1.0,0.0
150,0,1,1638,1638,512,512,0,0,16,0,32,64,__amd_rocclr_copyBuffer,12896311993016,12896311995462,151,23,244875.0,97764.0,0.0,9.0,0.0,0.0,0.0,1690.0,1690.0,13.0,0.0,0.0,1.0,0.0,814.0,0.0,0.0,1.0,1.0,0.0
