Kernel_Name,Count,Sum(ns),Mean(ns),Median(ns),Pct
matmul_kernel,17,4281099013.3359375,251829353.7256434,248242519.75,82.67532965253085
bias_kernel,742,866553904.9863281,1167862.4056419516,1160099.4580078125,16.73463508628521
"void at::native::vectorized_elementwise_kernel<4, at::native::FillFunctor<int>, std::array<char*, 1ul> >(int, at::native::FillFunctor<int>, std::array<char*, 1ul>)",617,26858311.74609375,43530.48905363655,43358.583984375,0.518679846133355
"void at::native::(anonymous namespace)::distribution_elementwise_grid_stride_kernel<float, 4, at::native::templates::cuda::normal_and_transform<c10::Half, float, at::CUDAGeneratorImpl*, at::native::templates::cuda::normal_kernel<at::CUDAGeneratorImpl*>(at::TensorBase const&, double, double, at::CUDAGeneratorImpl*)::{lambda()#1}::operator()() const::{lambda()#3}::operator()() const::{lambda(float)#1}>(at::TensorIteratorBase&, at::CUDAGeneratorImpl*, at::native::templates::cuda::normal_kernel<at::CUDAGeneratorImpl*>(at::TensorBase const&, double, double, at::CUDAGeneratorImpl*)::{lambda()#1}::operator()() const::{lambda()#3}::operator()() const::{lambda(float)#1})::{lambda(hiprandStatePhilox4_32_10*)#2}, at::native::(anonymous namespace)::distribution_nullary_kernel<c10::Half, float, HIP_vector_type<float, 4u>, at::CUDAGeneratorImpl*, at::native::templates::cuda::normal_and_transform<c10::Half, float, at::CUDAGeneratorImpl*, at::native::templates::cuda::normal_kernel<at::CUDAGeneratorImpl*>(at::TensorBase const&, double, double, at::CUDAGeneratorImpl*)::{lambda()#1}::operator()() const::{lambda()#3}::operator()() const::{lambda(float)#1}>(at::TensorIteratorBase&, at::CUDAGeneratorImpl*, at::native::templates::cuda::normal_kernel<at::CUDAGeneratorImpl*>(at::TensorBase const&, double, double, at::CUDAGeneratorImpl*)::{lambda()#1}::operator()() const::{lambda()#3}::operator()() const::{lambda(float)#1})::{lambda(hiprandStatePhilox4_32_10*)#2}, at::native::templates::cuda::normal_kernel<at::CUDAGeneratorImpl*>(at::TensorBase const&, double, double, at::CUDAGeneratorImpl*)::{lambda()#1}::operator()() const::{lambda()#3}::operator()() const::{lambda(float)#1}>(at::TensorIteratorBase&, at::CUDAGeneratorImpl*, at::native::templates::cuda::normal_and_transform<c10::Half, float, at::CUDAGeneratorImpl*, at::native::templates::cuda::normal_kernel<at::CUDAGeneratorImpl*>(at::TensorBase const&, double, double, at::CUDAGeneratorImpl*)::{lambda()#1}::operator()() const::{lambda()#3}::operator()() const::{lambda(float)#1}>(at::TensorIteratorBase&, at::CUDAGeneratorImpl*, at::native::templates::cuda::normal_kernel<at::CUDAGeneratorImpl*>(at::TensorBase const&, double, double, at::CUDAGeneratorImpl*)::{lambda()#1}::operator()() const::{lambda()#3}::operator()() const::{lambda(float)#1})::{lambda(hiprandStatePhilox4_32_10*)#2} const&, at::native::templates::cuda::normal_kernel<at::CUDAGeneratorImpl*>(at::TensorBase const&, double, double, at::CUDAGeneratorImpl*)::{lambda()#1}::operator()() const::{lambda()#3}::operator()() const::{lambda(float)#1})::{lambda(int, float)#1}>(long, at::PhiloxCudaState, at::native::templates::cuda::normal_and_transform<c10::Half, float, at::CUDAGeneratorImpl*, at::native::templates::cuda::normal_kernel<at::CUDAGeneratorImpl*>(at::TensorBase const&, double, double, at::CUDAGeneratorImpl*)::{lambda()#1}::operator()() const::{lambda()#3}::operator()() const::{lambda(float)#1}>(at::TensorIteratorBase&, at::CUDAGeneratorImpl*, at::native::templates::cuda::normal_kernel<at::CUDAGeneratorImpl*>(at::TensorBase const&, double, double, at::CUDAGeneratorImpl*)::{lambda()#1}::operator()() const::{lambda()#3}::operator()() const::{lambda(float)#1})::{lambda(hiprandStatePhilox4_32_10*)#2}, at::native::(anonymous namespace)::distribution_nullary_kernel<c10::Half, float, HIP_vector_type<float, 4u>, at::CUDAGeneratorImpl*, at::native::templates::cuda::normal_and_transform<c10::Half, float, at::CUDAGeneratorImpl*, at::native::templates::cuda::normal_kernel<at::CUDAGeneratorImpl*>(at::TensorBase const&, double, double, at::CUDAGeneratorImpl*)::{lambda()#1}::operator()() const::{lambda()#3}::operator()() const::{lambda(float)#1}>(at::TensorIteratorBase&, at::CUDAGeneratorImpl*, at::native::templates::cuda::normal_kernel<at::CUDAGeneratorImpl*>(at::TensorBase const&, double, double, at::CUDAGeneratorImpl*)::{lambda()#1}::operator()() const::{lambda()#3}::operator()() const::{lambda(float)#1})::{lambda(hiprandStatePhilox4_32_10*)#2}, at::native::templates::cuda::normal_kernel<at::CUDAGeneratorImpl*>(at::TensorBase const&, double, double, at::CUDAGeneratorImpl*)::{lambda()#1}::operator()() const::{lambda()#3}::operator()() const::{lambda(float)#1}>(at::TensorIteratorBase&, at::CUDAGeneratorImpl*, at::native::templates::cuda::normal_and_transform<c10::Half, float, at::CUDAGeneratorImpl*, at::native::templates::cuda::normal_kernel<at::CUDAGeneratorImpl*>(at::TensorBase const&, double, double, at::CUDAGeneratorImpl*)::{lambda()#1}::operator()() const::{lambda()#3}::operator()() const::{lambda(float)#1}>(at::TensorIteratorBase&, at::CUDAGeneratorImpl*, at::native::templates::cuda::normal_kernel<at::CUDAGeneratorImpl*>(at::TensorBase const&, double, double, at::CUDAGeneratorImpl*)::{lambda()#1}::operator()() const::{lambda()#3}::operator()() const::{lambda(float)#1})::{lambda(hiprandStatePhilox4_32_10*)#2} const&, at::native::templates::cuda::normal_kernel<at::CUDAGeneratorImpl*>(at::TensorBase const&, double, double, at::CUDAGeneratorImpl*)::{lambda()#1}::operator()() const::{lambda()#3}::operator()() const::{lambda(float)#1})::{lambda(int, float)#1})",3,3344494.916015625,1114831.638671875,1582553.25,0.06458790577874163
__amd_rocclr_copyBuffer,89,267353.998046875,3003.977506144663,2956.583984375,0.005163062067378776
"void at::native::(anonymous namespace)::CatArrayBatchedCopy_contig<at::native::(anonymous namespace)::OpaqueType<2u>, unsigned int, 1, 128, 1>(at::native::(anonymous namespace)::OpaqueType<2u>*, at::native::(anonymous namespace)::CatArrInputTensorMetadata<at::native::(anonymous namespace)::OpaqueType<2u>, unsigned int, 128, 1>, at::native::(anonymous namespace)::TensorSizeStride<unsigned int, 4u>, int, unsigned int)",7,16770.91796875,2395.8454241071427,2311.75,0.00032387505342034416
"void at::native::vectorized_elementwise_kernel<4, at::native::compare_scalar_kernel<double>(at::TensorIteratorBase&, at::native::(anonymous namespace)::OpType, double)::{lambda(double)#1}, std::array<char*, 2ul> >(int, at::native::compare_scalar_kernel<double>(at::TensorIteratorBase&, at::native::(anonymous namespace)::OpType, double)::{lambda(double)#1}, std::array<char*, 2ul>)",3,10527.16796875,3509.0559895833335,3524.66796875,0.00020329758303015322
"void at::native::vectorized_elementwise_kernel<8, at::native::AUnaryFunctor<c10::Half, c10::Half, bool, at::native::(anonymous namespace)::CompareEqFunctor<c10::Half> >, std::array<char*, 2ul> >(int, at::native::AUnaryFunctor<c10::Half, c10::Half, bool, at::native::(anonymous namespace)::CompareEqFunctor<c10::Half> >, std::array<char*, 2ul>)",2,6250.91796875,3125.458984375,3125.458984375,0.00012071589610225673
"void at::native::vectorized_elementwise_kernel<8, at::native::AbsFunctor<c10::Half>, std::array<char*, 2ul> >(int, at::native::AbsFunctor<c10::Half>, std::array<char*, 2ul>)",2,5044.666015625,2522.3330078125,2522.3330078125,9.742111185224036e-05
"void at::native::vectorized_elementwise_kernel<8, at::native::BinaryFunctor<c10::Half, c10::Half, bool, at::native::(anonymous namespace)::CompareEqFunctor<c10::Half> >, std::array<char*, 3ul> >(int, at::native::BinaryFunctor<c10::Half, c10::Half, bool, at::native::(anonymous namespace)::CompareEqFunctor<c10::Half> >, std::array<char*, 3ul>)",2,5027.916015625,2513.9580078125,2513.9580078125,9.709764076050292e-05
"void at::native::reduce_kernel<512, 1, at::native::ReduceOp<double, at::native::func_wrapper_t<double, at::native::MaxNanFunctor<double> >, unsigned int, double, 4, 4> >(at::native::ReduceOp<double, at::native::func_wrapper_t<double, at::native::MaxNanFunctor<double> >, unsigned int, double, 4, 4>)",1,4416.666015625,4416.666015625,4416.666015625,8.52933598754572e-05
"void rocprim::ROCPRIM_400001_NS::detail::partition_kernel<(rocprim::ROCPRIM_400001_NS::detail::select_method)0, true, rocprim::ROCPRIM_400001_NS::detail::wrapped_partition_config<rocprim::ROCPRIM_400001_NS::default_config, (rocprim::ROCPRIM_400001_NS::detail::partition_subalgo)5, long, rocprim::ROCPRIM_400001_NS::empty_type>, hipcub::HIPCUB_400000_NS::CountingInputIterator<long, long>, rocprim::ROCPRIM_400001_NS::empty_type*, hipcub::HIPCUB_400000_NS::TransformInputIterator<bool, at::native::(anonymous namespace)::NonZeroOp<bool>, bool const*, long>, rocprim::ROCPRIM_400001_NS::tuple<long*, rocprim::ROCPRIM_400001_NS::empty_type>, rocprim::ROCPRIM_400001_NS::tuple<rocprim::ROCPRIM_400001_NS::empty_type*, rocprim::ROCPRIM_400001_NS::empty_type*>, rocprim::ROCPRIM_400001_NS::empty_type, rocprim::ROCPRIM_400001_NS::detail::lookback_scan_state<unsigned int, false, true>, rocprim::ROCPRIM_400001_NS::detail::block_id_wrapper<unsigned int, false>, rocprim::ROCPRIM_400001_NS::empty_type>(hipcub::HIPCUB_400000_NS::CountingInputIterator<long, long>, rocprim::ROCPRIM_400001_NS::empty_type*, hipcub::HIPCUB_400000_NS::TransformInputIterator<bool, at::native::(anonymous namespace)::NonZeroOp<bool>, bool const*, long>, rocprim::ROCPRIM_400001_NS::tuple<long*, rocprim::ROCPRIM_400001_NS::empty_type>, rocprim::ROCPRIM_400001_NS::tuple<rocprim::ROCPRIM_400001_NS::empty_type*, rocprim::ROCPRIM_400001_NS::empty_type*>, unsigned long*, unsigned long*, unsigned long, unsigned long, rocprim::ROCPRIM_400001_NS::empty_type, rocprim::ROCPRIM_400001_NS::detail::lookback_scan_state<unsigned int, false, true>, unsigned int, rocprim::ROCPRIM_400001_NS::detail::vsmem_t, rocprim::ROCPRIM_400001_NS::detail::block_id_wrapper<unsigned int, false>, rocprim::ROCPRIM_400001_NS::empty_type)",1,4279.666015625,4279.666015625,4279.666015625,8.264765602064941e-05
"void at::native::reduce_kernel<512, 1, at::native::ReduceOp<double, at::native::func_wrapper_t<double, at::native::MinNanFunctor<double> >, unsigned int, double, 4, 4> >(at::native::ReduceOp<double, at::native::func_wrapper_t<double, at::native::MinNanFunctor<double> >, unsigned int, double, 4, 4>)",1,4209.416015625,4209.416015625,4209.416015625,8.129100860604905e-05
__amd_rocclr_fillBufferAligned,2,3584.833984375,1792.4169921875,1792.4169921875,6.922926344019647e-05
"void at::native::elementwise_kernel_manual_unroll<128, 4, at::native::gpu_kernel_impl<at::native::direct_copy_kernel_cuda(at::TensorIteratorBase&)::{lambda()#3}::operator()() const::{lambda()#6}::operator()() const::{lambda(double)#1}>(at::TensorIteratorBase&, at::native::direct_copy_kernel_cuda(at::TensorIteratorBase&)::{lambda()#3}::operator()() const::{lambda()#6}::operator()() const::{lambda(double)#1} const&)::{lambda(int, bool)#1}>(int, at::native::gpu_kernel_impl<at::native::direct_copy_kernel_cuda(at::TensorIteratorBase&)::{lambda()#3}::operator()() const::{lambda()#6}::operator()() const::{lambda(double)#1}>(at::TensorIteratorBase&, at::native::direct_copy_kernel_cuda(at::TensorIteratorBase&)::{lambda()#3}::operator()() const::{lambda()#6}::operator()() const::{lambda(double)#1} const&)::{lambda(int, bool)#1})",1,3384.58203125,3384.58203125,3384.58203125,6.536205640139645e-05
"void at::native::index_elementwise_kernel<128, 4, at::native::gpu_index_kernel<at::native::index_kernel_impl<at::native::OpaqueType<2> >(at::TensorIteratorBase&, c10::ArrayRef<long>, c10::ArrayRef<long>)::{lambda(char*, char const*, long)#1}>(at::TensorIteratorBase&, c10::ArrayRef<long>, c10::ArrayRef<long>, at::native::index_kernel_impl<at::native::OpaqueType<2> >(at::TensorIteratorBase&, c10::ArrayRef<long>, c10::ArrayRef<long>)::{lambda(char*, char const*, long)#1} const&, bool)::{lambda(int)#1}>(long, at::native::gpu_index_kernel<at::native::index_kernel_impl<at::native::OpaqueType<2> >(at::TensorIteratorBase&, c10::ArrayRef<long>, c10::ArrayRef<long>)::{lambda(char*, char const*, long)#1}>(at::TensorIteratorBase&, c10::ArrayRef<long>, c10::ArrayRef<long>, at::native::index_kernel_impl<at::native::OpaqueType<2> >(at::TensorIteratorBase&, c10::ArrayRef<long>, c10::ArrayRef<long>)::{lambda(char*, char const*, long)#1} const&, bool)::{lambda(int)#1})",1,3060.25,3060.25,3060.25,5.909865125310618e-05
"void at::native::vectorized_elementwise_kernel<4, at::native::BinaryFunctor<double, double, double, at::native::binary_internal::DivFunctor<double> >, std::array<char*, 3ul> >(int, at::native::BinaryFunctor<double, double, double, at::native::binary_internal::DivFunctor<double> >, std::array<char*, 3ul>)",1,2759.583984375,2759.583984375,2759.583984375,5.329227726369916e-05
"void at::native::vectorized_elementwise_kernel<16, at::native::BinaryFunctor<bool, bool, bool, at::native::BitwiseAndFunctor<bool> >, std::array<char*, 3ul> >(int, at::native::BinaryFunctor<bool, bool, bool, at::native::BitwiseAndFunctor<bool> >, std::array<char*, 3ul>)",1,2712.916015625,2712.916015625,2712.916015625,5.2391039126342046e-05
"void at::native::vectorized_elementwise_kernel<16, at::native::BinaryFunctor<bool, bool, bool, at::native::binary_internal::MulFunctor<bool> >, std::array<char*, 3ul> >(int, at::native::BinaryFunctor<bool, bool, bool, at::native::binary_internal::MulFunctor<bool> >, std::array<char*, 3ul>)",1,2649.333984375,2649.333984375,2649.333984375,5.116316157032281e-05
"void rocprim::ROCPRIM_400001_NS::detail::block_reduce_kernel<true, false, 16u, rocprim::ROCPRIM_400001_NS::detail::wrapped_reduce_config<rocprim::ROCPRIM_400001_NS::default_config, int>, int, hipcub::HIPCUB_400000_NS::TransformInputIterator<bool, at::native::(anonymous namespace)::NonZeroOp<bool>, bool const*, long>, int*, int, hipcub::HIPCUB_400000_NS::detail::convert_binary_result_type_wrapper<hipcub::HIPCUB_400000_NS::Sum, hipcub::HIPCUB_400000_NS::TransformInputIterator<bool, at::native::(anonymous namespace)::NonZeroOp<bool>, bool const*, long>, int> >(hipcub::HIPCUB_400000_NS::TransformInputIterator<bool, at::native::(anonymous namespace)::NonZeroOp<bool>, bool const*, long>, unsigned long, int*, int, hipcub::HIPCUB_400000_NS::detail::convert_binary_result_type_wrapper<hipcub::HIPCUB_400000_NS::Sum, hipcub::HIPCUB_400000_NS::TransformInputIterator<bool, at::native::(anonymous namespace)::NonZeroOp<bool>, bool const*, long>, int>)",1,2302.083984375,2302.083984375,2302.083984375,4.445717132519868e-05
"void at::native::vectorized_elementwise_kernel<8, at::native::ceil_kernel_cuda(at::TensorIteratorBase&)::{lambda()#1}::operator()() const::{lambda()#3}::operator()() const::{lambda(c10::Half)#1}, std::array<char*, 2ul> >(int, at::native::ceil_kernel_cuda(at::TensorIteratorBase&)::{lambda()#1}::operator()() const::{lambda()#3}::operator()() const::{lambda(c10::Half)#1}, std::array<char*, 2ul>)",1,2205.08203125,2205.08203125,2205.08203125,4.2583898030989214e-05
"void rocprim::ROCPRIM_400001_NS::detail::init_lookback_scan_state_kernel<rocprim::ROCPRIM_400001_NS::detail::lookback_scan_state<unsigned int, false, true> const>(rocprim::ROCPRIM_400001_NS::detail::lookback_scan_state<unsigned int, false, true> const, unsigned int, unsigned int, rocprim::ROCPRIM_400001_NS::detail::lookback_scan_state<unsigned int, false, true> const::value_type*)",1,2018.0,2018.0,2018.0,3.897102466424909e-05
"void rocprim::ROCPRIM_400001_NS::detail::transform_kernel<true, rocprim::ROCPRIM_400001_NS::detail::wrapped_transform_config<rocprim::ROCPRIM_400001_NS::default_config, unsigned long, true>, unsigned long, unsigned long*, int*, rocprim::ROCPRIM_400001_NS::identity<void> >(unsigned long*, unsigned long, int*, rocprim::ROCPRIM_400001_NS::identity<void>)",1,1877.583984375,1877.583984375,1877.583984375,3.625935171668841e-05
